"playerID","HallOfFame_years_on_ballot","HallOfFame_max_ballots_cast","HallOfFame_max_needed","HallOfFame_max_votes","HallOfFame_inducted","birthYear","birthMonth","birthDay","birthCountry","birthState","birthCity","deathYear","deathMonth","deathDay","deathCountry","deathState","deathCity","nameFirst","nameLast","nameGiven","weight","height","bats","throws","debut","finalGame","retroID","bbrefID","Batting_total_seasons","Batting_total_teams","Batting_G","Batting_AB","Batting_R","Batting_H","Batting_2B","Batting_3B","Batting_HR","Batting_RBI","Batting_SB","Batting_CS","Batting_BB","Batting_SO","Batting_IBB","Batting_HBP","Batting_SH","Batting_SF","Batting_GIDP","Fielding_G","Fielding_GS","Fielding_InnOuts","Fielding_PO","Fielding_A","Fielding_E","Fielding_DP","Fielding_PB","Fielding_WP","Fielding_SB","Fielding_CS","Awards_PitchingTripleCrown","Awards_TripleCrown","Awards_BaseballMagazineAllStar","Awards_MostValuablePlayer","Awards_TSNAllStar","Awards_TSNGuideMVP","Awards_TSNMajorLeaguePlayerOfTheYear","Awards_TSNPitcherOfTheYear","Awards_TSNPlayerOfTheYear","Awards_RookieOfTheYear","Awards_BabeRuthAward","Awards_LouGehrigMemorialAward","Awards_WorldSeriesMVP","Awards_CyYoungAward","Awards_GoldGlove","Awards_FiremanOfTheYear","Awards_AlLStarGameMVP","Awards_HutchAward","Awards_RobertoClemnteAward","Awards_RolaidsReliefManAward","Awards_NLCSMVP","Awards_ALCSMVP","Awards_SilverSluger","Awards_BranchRickeyAward","Awards_HankAaronAward","Awards_TSNReliverOfTheYear","Awards_ComebackPlayerOfTheYear","Awards_OutstandingDHAward","Awards_RelieverOfTheYear","AllstarGames","position","position.c","position.1b","position.2b","position.3b","position.ss","position.lf","position.cf","position.rf","Batting_1B","Batting_Average","Slugging","OPS","ISO","wOBA","R.perAB","H.perAB","singles.perAB","doubles.perAB","triples.perAB","HR.perAB","RBI.perAB","SB.perAB","CS.perAB","BB.perAB","SO.perAB","IBB.perAB","HBP.perAB","SH.perAB","SF.perAB","GIDP.perAB","TotalAllStarAwards"
"abreubo01",0,0,0,0,"N",1974,3,11,"Venezuela","Aragua","Maracay",NA,NA,NA,"","","","Bobby","Abreu","Bob Kelly",220,72,"L","R","1996-09-01",2014-09-28,"abreb001","abreubo01",18,6,2425,8480,1453,2470,574,59,288,1363,400,128,1476,1840,115,33,7,85,165,2138,2088,54870,3958,136,73,24,0,0,0,0,0,0,0,0,0,0,0,0,0,0,0,0,0,0,1,0,0,0,0,0,0,0,1,0,0,0,0,0,0,2,"rf",0,0,0,0,0,0,0,1,1549,0.29127358490566,0.474764150943396,0.394977168949772,0.183490566037736,0.254087077015765,0.171344339622642,0.29127358490566,0.182665094339623,0.067688679245283,0.00695754716981132,0.0339622641509434,0.160731132075472,0.0471698113207547,0.0150943396226415,0.174056603773585,0.216981132075472,0.013561320754717,0.00389150943396226,0.000825471698113208,0.0100235849056604,0.0194575471698113,0
"ankieri01",0,0,0,0,"N",1979,7,19,"USA","FL","Fort Pierce",NA,NA,NA,"","","","Rick","Ankiel","Richard Alexander",210,73,"L","L","1999-08-23",2013-06-08,"ankir001","ankieri01",11,6,653,1921,260,462,101,10,76,251,21,12,162,555,13,12,8,12,31,587,488,13071,1119,52,31,7,0,0,0,0,0,0,0,0,0,0,0,0,0,0,0,0,0,0,0,0,0,0,0,0,0,0,0,0,0,0,0,0,0,0,"cf",0,0,0,0,0,0,1,0,275,0.240499739718896,0.422175950026028,0.301850972947318,0.181676210307132,0.210172397325692,0.135346173867777,0.240499739718896,0.143154606975534,0.0525767829255596,0.00520562207183758,0.0395627277459656,0.130661114003123,0.0109318063508589,0.0062467464862051,0.0843310775637689,0.288912024986986,0.00676730869338886,0.0062467464862051,0.00416449765747007,0.0062467464862051,0.0161374284226965,0
"bakerje03",0,0,0,0,"N",1981,6,21,"Germany","Bayern","Bad Kissingen",NA,NA,NA,"","","","Jeff","Baker","Jeffrey Glen",220,74,"R","R","2005-04-04",2015-07-07,"bakej001","bakerje03",11,6,748,1793,244,474,108,15,54,235,14,1,139,472,6,9,1,16,55,551,400,10369,1471,587,29,191,0,0,0,0,0,0,0,0,0,0,0,0,0,0,0,0,0,0,0,0,0,0,0,0,0,0,0,0,0,0,0,0,0,0,"2b",0,0,1,0,0,0,0,0,297,0.2643614054657,0.431678750697156,0.317833418497701,0.167317345231456,0.204819887237314,0.136084774121584,0.2643614054657,0.165644171779141,0.060234244283324,0.00836586726157278,0.030117122141662,0.13106525376464,0.00780814277746793,0.000557724484104852,0.0775237032905745,0.26324595649749,0.00334634690462911,0.00501952035694367,0.000557724484104852,0.00892359174567764,0.0306748466257669,0
"barajro01",0,0,0,0,"N",1975,9,5,"USA","CA","Ontario",NA,NA,NA,"","","","Rod","Barajas","Rodrigo Richard",250,74,"R","R","1999-09-25",2012-10-03,"barar001","barajro01",14,7,1114,3460,396,812,187,1,136,480,2,2,207,638,31,46,28,39,61,1080,969,25670,6817,409,51,51,54,0,491,187,0,0,0,0,0,0,0,0,0,0,0,0,0,0,0,0,0,0,0,0,0,0,0,0,0,0,0,0,0,0,"c",1,0,0,0,0,0,0,0,488,0.234682080924855,0.407225433526012,0.283848614072495,0.172543352601156,0.194306745498522,0.114450867052023,0.234682080924855,0.141040462427746,0.0540462427745665,0.000289017341040462,0.0393063583815029,0.138728323699422,0.000578034682080925,0.000578034682080925,0.0598265895953757,0.184393063583815,0.00895953757225434,0.0132947976878613,0.00809248554913295,0.011271676300578,0.0176300578034682,0
"barmecl01",0,0,0,0,"N",1979,3,6,"USA","IN","Vincennes",NA,NA,NA,"","","","Clint","Barmes","Clint Harold",200,73,"R","R","2003-09-05",2015-10-04,"barmc001","barmecl01",13,4,1186,3805,434,932,208,17,89,415,43,30,216,734,32,60,60,26,54,1166,995,26794,1571,3119,125,664,0,0,0,0,0,0,0,0,0,0,0,0,0,0,0,0,0,0,0,0,0,0,0,0,0,0,0,0,0,0,0,0,0,0,"ss",0,0,0,0,1,0,0,0,618,0.244940867279895,0.378712220762155,0.294131969807645,0.13377135348226,0.172757644171779,0.114060446780552,0.244940867279895,0.162417871222076,0.054664914586071,0.00446780551905388,0.0233902759526938,0.109067017082786,0.0113009198423127,0.00788436268068331,0.0567674113009198,0.192904073587385,0.00840998685939553,0.0157687253613666,0.0157687253613666,0.00683311432325887,0.01419185282523,0
"bartlja01",0,0,0,0,"N",1979,10,30,"USA","CA","Mountain View",NA,NA,NA,"","","","Jason","Bartlett","Jason Alan",190,72,"R","R","2004-08-03",2014-04-06,"bartj001","bartlja01",10,3,892,3141,435,849,156,26,31,286,123,37,275,526,8,48,31,26,61,868,842,22466,1197,2368,118,470,0,0,0,0,0,0,0,0,0,0,0,0,0,0,0,0,0,0,0,0,0,0,0,0,0,0,0,0,0,0,0,0,0,1,"ss",0,0,0,0,1,0,0,0,636,0.270296084049666,0.366125437758676,0.335816618911175,0.0958293537090099,0.166796611143021,0.138490926456543,0.270296084049666,0.202483285577841,0.049665711556829,0.00827761859280484,0.00986946832219038,0.0910538045208532,0.0391595033428844,0.011779687997453,0.087551735116205,0.167462591531359,0.00254695956701687,0.0152817574021012,0.00986946832219038,0.00827761859280484,0.0194205666985037,0
"bayja01",0,0,0,0,"N",1978,9,20,"CAN","BC","Trail",NA,NA,NA,"","","","Jason","Bay","Jason Raymond",210,74,"R","R","2003-05-23",2013-07-26,"bay-j001","bayja01",11,5,1278,4505,737,1200,240,30,222,754,95,17,636,1216,38,56,7,54,84,1254,1217,31973,2303,68,27,9,0,0,0,0,0,0,0,0,0,0,0,0,0,1,0,0,0,0,0,0,0,0,0,0,0,0,1,0,0,0,0,0,0,2,"lf",0,0,0,0,0,1,0,0,708,0.266370699223085,0.480799112097669,0.360312321462579,0.214428412874584,0.256256359102244,0.163596004439512,0.266370699223085,0.15715871254162,0.0532741398446171,0.00665926748057714,0.0492785793562708,0.167369589345172,0.0210876803551609,0.00377358490566038,0.141176470588235,0.26992230854606,0.00843507214206437,0.0124306326304107,0.00155382907880133,0.0119866814650388,0.018645948945616,0
"berkmla01",0,0,0,0,"N",1976,2,10,"USA","TX","Waco",NA,NA,NA,"","","","Lance","Berkman","William Lance",220,73,"B","L","1999-07-16",2013-09-17,"berkl001","berkmla01",15,4,1879,6491,1146,1905,422,30,366,1234,86,48,1201,1300,160,66,1,54,147,1762,1690,44175,7898,629,79,626,0,0,0,0,0,0,0,0,1,0,0,0,0,0,0,0,0,0,0,0,0,0,0,0,0,0,0,0,0,0,1,0,0,6,"1b",0,1,0,0,0,0,0,0,1087,0.293483284547835,0.536897242335541,0.406041986687148,0.243413957787706,0.289633507579718,0.176552149129564,0.293483284547835,0.167462640579264,0.0650130950546911,0.00462178400862733,0.0563857649052534,0.190109382221538,0.013249114158065,0.00739485441380373,0.185025419812047,0.200277307040518,0.0246495147126791,0.0101679248189801,0.000154059466954244,0.00831921121552919,0.0226467416422739,1
"betemwi01",0,0,0,0,"N",1981,11,2,"D.R.","Distrito Nacional","Santo Domingo",NA,NA,NA,"","","","Wilson","Betemit","Wilson",220,74,"B","R","2001-09-18",2013-09-12,"betew001","betemwi01",11,7,805,2093,264,558,126,8,75,283,9,8,211,612,18,4,8,19,46,647,487,13556,809,868,75,162,0,0,0,0,0,0,0,0,0,0,0,0,0,0,0,0,0,0,0,0,0,0,0,0,0,0,0,0,0,0,0,0,0,0,"3b",0,0,0,1,0,0,0,0,349,0.266602962255136,0.441949354992833,0.332187365706919,0.175346392737697,0.215547076656561,0.126134734830387,0.266602962255136,0.16674629718108,0.0602006688963211,0.00382226469182991,0.0358337314859054,0.135212613473483,0.00430004777830865,0.00382226469182991,0.100812231247014,0.292403248924988,0.0086000955566173,0.00191113234591495,0.00382226469182991,0.00907787864309603,0.021978021978022,0
"blanche01",0,0,0,0,"N",1971,8,29,"Venezuela","Distrito Federal","Caracas",NA,NA,NA,"","","","Henry","Blanco","Henry Ramon",220,71,"R","R","1997-07-25",2013-09-23,"blanh001","blanche01",16,11,971,2761,274,615,145,11,72,298,6,11,254,546,28,9,37,26,71,927,801,21534,5709,479,38,81,55,25,360,269,0,0,0,0,0,0,0,0,0,0,0,0,0,0,0,0,0,0,0,0,0,0,0,0,0,0,0,0,0,0,"c",1,0,0,0,0,0,0,0,387,0.222745382107932,0.361463237957262,0.287868852459016,0.13871785584933,0.182047187293183,0.0992394060123144,0.222745382107932,0.140166606302064,0.0525172039116262,0.00398406374501992,0.0260775081492213,0.107931908728721,0.00217312567910177,0.00398406374501992,0.0919956537486418,0.197754436798261,0.0101412531691416,0.00325968851865266,0.0134009416877943,0.00941687794277436,0.0257153205360377,0
"bloomwi01",0,0,0,0,"N",1977,11,27,"USA","WA","Bremerton",NA,NA,NA,"","","","Willie","Bloomquist","William Paul",200,71,"R","R","2002-09-01",2015-06-28,"bloow001","bloomwi01",14,4,1055,2891,398,778,110,23,18,225,133,51,189,494,7,16,25,15,49,974,710,19628,1336,1141,57,247,0,0,0,0,0,0,0,0,0,0,0,0,0,0,0,0,0,0,0,0,0,0,0,0,0,0,0,0,0,0,0,0,0,0,"ss",0,0,0,0,1,0,0,0,627,0.269111034244206,0.341750259425804,0.315975570556091,0.072639225181598,0.131316237113402,0.137668626772743,0.269111034244206,0.216879972327914,0.0380491179522656,0.00795572466274645,0.00622621930127983,0.0778277412659979,0.0460048426150121,0.0176409546869595,0.0653753026634383,0.170875129712902,0.00242130750605327,0.00553441715669319,0.0086475268073331,0.00518851608439986,0.0169491525423729,0
"blumge01",0,0,0,0,"N",1973,4,26,"USA","CA","Redwood City",NA,NA,NA,"","","","Geoff","Blum","Geoffrey Edward",220,75,"B","R","1999-08-09",2012-07-17,"blumg001","blumge01",14,6,1389,3966,446,990,206,15,99,479,19,19,332,667,34,33,21,40,86,1246,962,26301,1381,2075,82,323,0,0,0,0,0,0,0,0,0,0,0,0,0,0,0,0,0,0,0,0,0,0,0,0,0,0,0,0,0,0,0,0,0,0,"3b",0,0,0,1,0,0,0,0,670,0.249621785173979,0.384014120020171,0.309997712194006,0.134392334846193,0.18054115748213,0.112455874936964,0.249621785173979,0.168935955622794,0.0519415027735754,0.0037821482602118,0.0249621785173979,0.12077660110943,0.00479072112960161,0.00479072112960161,0.0837115481593545,0.168179525970751,0.00857286938981341,0.00832072617246596,0.00529500756429652,0.0100857286938981,0.021684316691881,0
"buckjo01",0,0,0,0,"N",1980,7,7,"USA","WY","Kemmerer",NA,NA,NA,"","","","John","Buck","Johnathan Richard",245,75,"R","R","2004-06-25",2014-09-28,"buckj001","buckjo01",11,8,1090,3612,389,844,172,9,134,491,6,12,307,959,23,51,13,26,86,1043,992,26445,6736,365,58,50,49,0,495,166,0,0,0,0,0,0,0,0,0,0,0,0,0,0,0,0,0,0,0,0,0,0,0,0,0,0,0,0,0,1,"c",1,0,0,0,0,0,0,0,529,0.233665559246955,0.397563676633444,0.300800800800801,0.163898117386489,0.199961540397684,0.107696566998893,0.233665559246955,0.146456256921373,0.0476190476190476,0.00249169435215947,0.0370985603543743,0.1359357696567,0.00166112956810631,0.00332225913621262,0.0849944629014397,0.265503875968992,0.00636766334440753,0.0141196013289037,0.00359911406423034,0.00719822812846069,0.0238095238095238,0
"cairomi01",0,0,0,0,"N",1974,5,4,"Venezuela","Anzoategui","Anaco",NA,NA,NA,"","","","Miguel","Cairo","Miguel Jesus",225,73,"R","R","1996-04-17",2012-10-03,"cairm001","cairomi01",17,9,1490,3956,504,1044,193,34,41,394,139,40,243,482,9,64,86,43,82,1279,935,26163,2551,2390,90,643,0,0,0,0,0,0,0,0,0,0,0,0,0,0,0,0,0,0,0,0,0,0,0,0,0,0,0,0,0,0,0,0,0,0,"2b",0,0,1,0,0,0,0,0,776,0.263902932254803,0.360970677451972,0.31374825824431,0.0970677451971689,0.154285501512683,0.127401415571284,0.263902932254803,0.196157735085945,0.0487866531850354,0.00859453993933266,0.0103640040444894,0.0995955510616785,0.0351365015166835,0.0101112234580384,0.0614256825075834,0.121840242669363,0.00227502527805865,0.0161779575328615,0.0217391304347826,0.0108695652173913,0.0207280080889788,0
"callaal01",0,0,0,0,"N",1983,4,19,"Venezuela","Aragua","Maracay",NA,NA,NA,"","","","Alberto","Callaspo","Alberto Jose",225,69,"B","R","2006-08-06",2015-08-19,"calla001","callaal01",10,6,1093,3556,391,941,170,14,52,369,22,14,350,365,20,6,10,34,104,970,873,23445,1019,1854,91,311,0,0,0,0,0,0,0,0,0,0,0,0,0,0,0,0,0,0,0,0,0,0,0,0,0,0,0,0,0,0,0,0,0,0,"3b",0,0,0,1,0,0,0,0,705,0.264623172103487,0.364173228346457,0.328687278256462,0.0995500562429696,0.16367345899134,0.109955005624297,0.264623172103487,0.198256467941507,0.0478065241844769,0.00393700787401575,0.0146231721034871,0.103768278965129,0.0061867266591676,0.00393700787401575,0.0984251968503937,0.102643419572553,0.00562429696287964,0.00168728908886389,0.00281214848143982,0.00956130483689539,0.0292463442069741,0
"carroja01",0,0,0,0,"N",1974,2,18,"USA","IN","Evansville",NA,NA,NA,"","","","Jamey","Carroll","Jamey Blake",175,70,"R","R","2002-09-11",2013-09-27,"carrj001","carroja01",12,7,1276,3671,560,1000,148,27,13,265,74,36,410,581,10,37,78,29,61,1240,911,25639,1424,2655,68,565,0,0,0,0,0,0,0,0,0,0,0,0,0,0,0,0,0,0,0,0,0,0,0,0,0,0,0,0,0,0,0,0,0,0,"2b",0,0,1,0,0,0,0,0,812,0.272405339144647,0.338055025878507,0.348926935133832,0.06564968673386,0.153220352912739,0.152546989921002,0.272405339144647,0.221193135385454,0.0403159901934078,0.00735494415690548,0.00354126940888041,0.0721874148733315,0.0201579950967039,0.0098065922092073,0.111686189049305,0.15826750204304,0.00272405339144647,0.0100789975483519,0.0212476164532825,0.00789975483519477,0.0166167256878235,0
"cedenro02",0,0,0,0,"N",1983,2,2,"Venezuela","Carabobo","Puerto Cabello",NA,NA,NA,"","","","Ronny","Cedeno","Ronny Alexander",195,72,"R","R","2005-04-23",2014-06-28,"ceder002","cedenro02",10,7,875,2565,265,629,116,20,40,239,39,25,146,567,22,15,54,12,66,790,688,18336,1022,1964,91,375,0,0,0,0,0,0,0,0,0,0,0,0,0,0,0,0,0,0,0,0,0,0,0,0,0,0,0,0,0,0,0,0,0,0,"ss",0,0,0,0,1,0,0,0,453,0.245224171539961,0.352826510721248,0.288531775018261,0.107602339181287,0.147427245949926,0.103313840155945,0.245224171539961,0.176608187134503,0.045224171539961,0.00779727095516569,0.0155945419103314,0.09317738791423,0.0152046783625731,0.00974658869395711,0.0569200779727096,0.221052631578947,0.00857699805068226,0.00584795321637427,0.0210526315789474,0.00467836257309942,0.0257309941520468,0
"chaveen01",0,0,0,0,"N",1978,2,7,"Venezuela","Carabobo","Valencia",NA,NA,NA,"","","","Endy","Chavez","Endy de Jesus",170,71,"L","L","2001-05-29",2014-09-27,"chave002","chaveen01",13,8,1151,3149,385,849,140,34,30,266,106,42,180,356,12,2,86,19,61,1011,709,20790,1781,60,19,18,0,0,0,0,0,0,0,0,0,0,0,0,0,0,0,0,0,0,0,0,0,0,0,0,0,0,0,0,0,0,0,0,0,0,"cf",0,0,0,0,0,0,1,0,645,0.269609399809463,0.364242616703715,0.307761194029851,0.0946332168942521,0.140968843618933,0.122261035249285,0.269609399809463,0.204826929183868,0.0444585582724674,0.0107970784375992,0.00952683391552874,0.0844712607176882,0.0336614798348682,0.0133375674817402,0.0571610034931724,0.113051762464274,0.0038107335662115,0.000635122261035249,0.0273102572245157,0.00603366147983487,0.0193712289615751,0
"chaveer01",0,0,0,0,"N",1977,12,7,"USA","CA","Los Angeles",NA,NA,NA,"","","","Eric","Chavez","Eric Cesar",215,73,"L","R","1998-09-08",2014-06-08,"chave001","chaveer01",17,3,1615,5518,816,1477,318,24,260,902,50,17,639,1079,77,15,0,55,132,1430,1355,36130,1126,2740,117,267,0,0,0,0,0,0,0,0,1,0,0,0,0,0,0,0,0,0,6,0,0,0,0,0,0,0,1,0,0,0,0,0,0,0,"3b",0,0,0,1,0,0,0,0,875,0.26766944545125,0.475353388909025,0.342219367271559,0.207683943457775,0.238297886178862,0.14787966654585,0.26766944545125,0.158571946357376,0.0576295759333092,0.00434940195723088,0.0471185212033345,0.163465023559261,0.00906125407756433,0.00308082638637187,0.115802827111272,0.195541862993838,0.0139543312794491,0.0027183762232693,0,0.00996737948532077,0.0239217107647698,1
"cuddymi01",0,0,0,0,"N",1979,3,27,"USA","VA","Norfolk",NA,NA,NA,"","","","Michael","Cuddyer","Michael Brent",220,74,"R","R","2001-09-23",2015-10-03,"cuddm001","cuddymi01",15,3,1536,5488,809,1522,333,42,197,794,75,22,527,1101,36,49,4,34,183,1519,1398,36915,4090,679,69,282,0,0,0,0,0,0,0,0,0,0,0,0,0,0,0,0,0,0,0,0,0,0,0,0,0,0,1,0,0,0,0,0,0,2,"rf",0,0,0,0,0,0,0,1,950,0.277332361516035,0.46100583090379,0.344047228599541,0.183673469387755,0.224932365555922,0.147412536443149,0.277332361516035,0.173104956268222,0.0606778425655977,0.0076530612244898,0.0358965014577259,0.144679300291545,0.0136661807580175,0.00400874635568513,0.0960276967930029,0.200619533527697,0.0065597667638484,0.00892857142857143,0.000728862973760933,0.00619533527696793,0.0333454810495627,0
"damonjo01",0,0,0,0,"N",1973,11,5,"USA","KS","Fort Riley",NA,NA,NA,"","","","Johnny","Damon","Johnny David",205,74,"L","L","1995-08-12",2012-08-01,"damoj001","damonjo01",18,7,2490,9736,1668,2769,522,109,235,1139,408,103,1003,1257,38,50,57,71,93,2075,1988,52152,4727,79,57,21,0,0,0,0,0,0,0,0,1,0,0,0,0,0,0,0,0,0,0,0,0,0,0,0,0,0,0,0,0,0,0,0,0,2,"cf",0,0,0,0,0,0,1,0,1903,0.284408381265407,0.432826622843057,0.351933701657459,0.14841824157765,0.203684845684716,0.171322925225965,0.284408381265407,0.195460147904684,0.0536154478225144,0.0111955628594906,0.0241372226787182,0.116988496302383,0.0419063270336894,0.0105792933442892,0.103019720624486,0.129108463434675,0.00390304026294166,0.00513557929334429,0.00585456039441249,0.00729252259654889,0.00955217748562038,1
"dejesda01",0,0,0,0,"N",1979,12,20,"USA","NY","Brooklyn",NA,NA,NA,"","","","David","DeJesus","David Christopher",190,71,"L","L","2003-09-02",2015-09-23,"dejed001","dejesda01",13,6,1472,5220,740,1434,288,65,99,573,66,62,510,838,21,108,43,35,103,1322,1246,32828,2903,67,24,11,0,0,0,0,0,0,0,0,0,0,0,0,0,0,0,0,0,0,0,0,0,0,0,0,0,0,0,0,0,0,0,0,0,0,"cf",0,0,0,0,0,0,1,0,982,0.274712643678161,0.411685823754789,0.349395538906862,0.136973180076628,0.201926623376623,0.14176245210728,0.274712643678161,0.188122605363985,0.0551724137931034,0.0124521072796935,0.0189655172413793,0.109770114942529,0.0126436781609195,0.0118773946360153,0.0977011494252874,0.160536398467433,0.00402298850574713,0.0206896551724138,0.00823754789272031,0.00670498084291188,0.0197318007662835,0
"denorch01",0,0,0,0,"N",1980,7,15,"USA","CT","Bristol",NA,NA,NA,"","","","Chris","Denorfia","Christopher Anthony",195,72,"R","R","2005-09-07",2015-10-04,"denoc001","denorch01",10,5,808,2162,289,587,103,17,41,196,56,20,187,408,8,9,13,14,55,697,493,14060,1107,42,14,9,0,0,0,0,0,0,0,0,0,0,0,0,0,0,0,0,0,0,0,0,0,0,0,0,0,0,0,0,0,0,0,0,0,0,"rf",0,0,0,0,0,0,0,1,426,0.271507863089732,0.391766882516189,0.330101180438449,0.120259019426457,0.17443434856176,0.133672525439408,0.271507863089732,0.197039777983349,0.047641073080481,0.00786308973172988,0.0189639222941721,0.0906567992599445,0.0259019426456984,0.00925069380203515,0.0864939870490287,0.188714153561517,0.00370027752081406,0.00416281221091582,0.00601295097132285,0.00647548566142461,0.0254394079555967,0
"derosma01",0,0,0,0,"N",1975,2,26,"USA","NJ","Passaic",NA,NA,NA,"","","","Mark","DeRosa","Mark Thomas",215,73,"R","R","1998-09-02",2013-09-29,"derom001","derosma01",16,8,1241,3633,538,975,196,12,100,494,23,18,358,707,17,52,15,36,96,1149,899,24420,1512,1657,79,303,0,0,0,0,0,0,0,0,0,0,0,0,0,0,0,0,0,0,0,0,0,0,0,0,0,0,0,0,0,0,0,0,0,0,"3b",0,0,0,1,0,0,0,0,667,0.268373245251858,0.411505642719516,0.339544005883795,0.143132397467658,0.199574495322501,0.148086980456923,0.268373245251858,0.183594825213322,0.0539499036608863,0.00330305532617671,0.0275254610514726,0.135975777594275,0.0063308560418387,0.00495458298926507,0.098541150564272,0.194605009633911,0.00467932837875034,0.0143132397467658,0.00412881915772089,0.00990916597853014,0.0264244426094137,0
"diazma02",0,0,0,0,"N",1978,3,3,"USA","OR","Portland",NA,NA,NA,"","","","Matt","Diaz","Matthew Edward",215,72,"R","R","2003-07-19",2013-05-18,"diazm003","diazma02",11,5,736,1881,212,546,98,14,45,226,33,16,106,378,12,38,10,16,60,531,419,11148,823,22,17,7,0,0,0,0,0,0,0,0,0,0,0,0,0,0,0,0,0,0,0,0,0,0,0,0,0,0,0,0,0,0,0,0,0,0,"lf",0,0,0,0,0,1,0,0,389,0.290271132376396,0.42902711323764,0.338069573738364,0.138755980861244,0.181649186791523,0.11270600744285,0.290271132376396,0.206804891015417,0.0520999468367889,0.00744284954811271,0.0239234449760766,0.120148856990962,0.0175438596491228,0.00850611376927166,0.0563530037214248,0.200956937799043,0.00637958532695375,0.0202020202020202,0.00531632110579479,0.00850611376927166,0.0318979266347687,0
"dobbsgr01",0,0,0,0,"N",1978,7,2,"USA","CA","Los Angeles",NA,NA,NA,"","","","Greg","Dobbs","Gregory Stuart",205,73,"L","R","2004-09-08",2014-06-24,"dobbg001","dobbsgr01",11,5,959,2097,204,548,106,9,46,274,14,6,132,402,24,13,4,26,44,529,413,10686,1009,487,43,94,0,0,0,0,0,0,0,0,0,0,0,0,0,0,0,0,0,0,0,0,0,0,0,0,0,0,0,0,0,0,0,0,0,0,"3b",0,0,0,1,0,0,0,0,387,0.261325703385789,0.386266094420601,0.305555555555556,0.124940391034812,0.162293939393939,0.0972818311874106,0.261325703385789,0.184549356223176,0.050548402479733,0.00429184549356223,0.0219360991893181,0.130662851692895,0.00667620410109681,0.00286123032904149,0.0629470672389127,0.19170243204578,0.011444921316166,0.00619933237958989,0.00190748688602766,0.0123986647591798,0.0209823557463042,0
"doumiry01",0,0,0,0,"N",1981,4,3,"USA","WA","Moses Lake",NA,NA,NA,"","","","Ryan","Doumit","Ryan Matthew",220,73,"B","R","2005-06-05",2014-09-28,"doumr001","doumiry01",10,3,980,3093,350,818,191,7,104,413,12,6,232,621,28,53,3,26,89,699,656,17152,3393,310,54,58,40,0,351,108,0,0,0,0,0,0,0,0,0,0,0,0,0,0,0,0,0,0,0,0,0,0,0,0,0,0,0,0,0,0,"c",1,0,0,0,0,0,0,0,516,0.264468153895894,0.431619786614937,0.324030552291422,0.167151632719043,0.206582879146919,0.113158745554478,0.264468153895894,0.166828322017459,0.0617523440025865,0.00226317491108956,0.0336243129647591,0.133527319754284,0.00387972841901067,0.00193986420950533,0.0750080827675396,0.200775945683802,0.00905269964435823,0.0171354671839638,0.000969932104752667,0.00840607824118978,0.0287746524409958,0
"dunnad01",0,0,0,0,"N",1979,11,9,"USA","TX","Houston",NA,NA,NA,"","","","Adam","Dunn","Adam Troy",285,78,"L","R","2001-07-20",2014-09-28,"dunna001","dunnad01",14,5,2001,6883,1097,1631,334,10,462,1168,63,25,1317,2379,122,86,2,40,100,1642,1574,40500,6002,331,120,412,0,0,0,0,0,0,0,0,0,0,0,0,0,0,0,0,0,0,0,0,0,0,0,0,0,0,0,0,0,0,0,0,0,1,"lf",0,0,0,0,0,1,0,0,825,0.236960627633299,0.489757373238414,0.364400672591881,0.252796745605114,0.289034373476353,0.159378178120006,0.236960627633299,0.119860525933459,0.0485253523173035,0.00145285485979951,0.0671218945227372,0.169693447624582,0.00915298561673689,0.00363213714949877,0.191340985035595,0.345634171146302,0.017724829289554,0.0124945517942758,0.000290570971959901,0.00581141943919802,0.0145285485979951,0
"ellisma01",0,0,0,0,"N",1977,6,6,"USA","SD","Rapid City",NA,NA,NA,"","","","Mark","Ellis","Mark William",190,70,"R","R","2002-04-09",2014-09-27,"ellim001","ellisma01",12,4,1435,5117,690,1343,257,25,105,550,82,29,438,801,20,75,59,39,89,1398,1324,35314,2721,3960,63,919,0,0,0,0,0,0,0,0,0,0,0,0,0,0,0,0,0,0,0,0,0,0,0,0,0,0,0,0,0,0,0,0,0,0,"2b",0,0,1,0,0,0,0,0,956,0.262458471760797,0.384014070744577,0.327394602222614,0.12155559898378,0.179698141263941,0.13484463552863,0.262458471760797,0.186828219659957,0.0502247410592144,0.00488567520031268,0.0205198358413133,0.107484854406879,0.0160250146570256,0.00566738323236271,0.0855970295094782,0.156537033418018,0.00390854016025015,0.014657025600938,0.0115301934727379,0.00762165331248779,0.0173930037131132,0
"figgich01",0,0,0,0,"N",1978,1,22,"USA","GA","Leary",NA,NA,NA,"","","","Chone","Figgins","Desmond DeChone",180,68,"B","R","2002-08-25",2014-06-13,"figgc001","figgich01",12,4,1282,4701,708,1298,188,58,35,403,341,119,540,832,6,10,69,40,73,1298,1173,31319,1612,1833,111,275,0,0,0,0,0,0,0,0,0,0,0,0,0,0,0,0,0,0,0,0,0,0,0,0,0,0,0,0,0,0,0,0,0,0,"3b",0,0,0,1,0,0,0,0,1017,0.276111465645607,0.363114231014678,0.349272349272349,0.0870027653690704,0.165033226111637,0.150606253988513,0.276111465645607,0.216336949585195,0.039991491172091,0.0123378004679855,0.0074452244203361,0.0857264411827271,0.072537757923846,0.0253137630291427,0.1148691767709,0.176983620506275,0.00127632418634333,0.00212720697723889,0.0146777281429483,0.00850882790895554,0.0155286109338439,0
"furcara01",0,0,0,0,"N",1977,10,24,"D.R.","Dajabon","Loma de Cabrera",NA,NA,NA,"","","","Rafael","Furcal","Rafael",195,68,"B","R","2000-04-04",2014-06-21,"furcr001","furcara02",14,4,1614,6477,1063,1817,311,69,113,587,314,94,643,910,24,22,55,39,84,1598,1552,41056,2438,4782,250,1051,0,0,0,0,0,0,0,0,0,0,0,0,0,1,0,0,0,0,0,0,0,0,0,0,0,0,0,0,0,0,0,0,0,3,"ss",0,0,0,0,1,0,0,0,1324,0.280531110081828,0.402192373012197,0.345634312769809,0.121661262930369,0.182305882352941,0.16411919098348,0.280531110081828,0.204415624517524,0.0480160568164274,0.0106530801296897,0.0174463486181874,0.090628377335186,0.0484792342133704,0.0145128917708816,0.0992743554114559,0.140497143739386,0.00370541917554423,0.00339663424424888,0.0084915856106222,0.00602130616025938,0.0129689671144048,0
"giambja01",0,0,0,0,"N",1971,1,8,"USA","CA","West Covina",NA,NA,NA,"","","","Jason","Giambi","Jason Gilbert",240,75,"L","R","1995-05-08",2014-09-27,"giamj001","giambja01",20,4,2260,7267,1227,2010,405,9,440,1441,20,12,1366,1572,97,180,2,93,166,1490,1455,36241,10991,650,104,1011,0,0,0,0,0,0,0,1,1,0,0,0,0,0,0,0,0,0,0,0,0,1,0,0,0,0,2,0,0,0,1,0,0,5,"1b",0,1,0,0,0,0,0,0,1156,0.276592816843264,0.516444199807348,0.399281383337076,0.239851382964084,0.290834578272222,0.168845465804321,0.276592816843264,0.159075271776524,0.0557313884684189,0.0012384752992982,0.060547681299023,0.1982936562543,0.00275216733177377,0.00165130039906426,0.187973028760149,0.216320352277418,0.0133480115591028,0.0247695059859639,0.000275216733177377,0.012797578092748,0.0228429888537223,1
"gomesjo01",0,0,0,0,"N",1980,11,22,"USA","CA","Petaluma",NA,NA,NA,"","","","Jonny","Gomes","Jonathan Johnson",230,73,"R","R","2003-09-12",2015-10-04,"gomej001","gomesjo01",13,7,1203,3456,495,835,157,14,162,526,50,24,417,1088,19,83,2,51,52,731,607,15742,1050,36,19,7,0,0,0,0,0,0,0,0,0,0,0,0,0,0,0,0,0,0,0,0,0,0,0,0,0,0,0,0,0,0,0,0,0,0,"lf",0,0,0,0,0,1,0,0,502,0.241608796296296,0.435763888888889,0.333166957823808,0.194155092592593,0.236122517552658,0.143229166666667,0.241608796296296,0.14525462962963,0.0454282407407407,0.00405092592592593,0.046875,0.152199074074074,0.0144675925925926,0.00694444444444444,0.120659722222222,0.314814814814815,0.00549768518518519,0.0240162037037037,0.000578703703703704,0.0147569444444444,0.0150462962962963,0
"gonzaal02",0,0,0,0,"N",1977,2,15,"Venezuela","Aragua","Cagua",NA,NA,NA,"","","","Alex","Gonzalez","Alexander",210,73,"R","R","1998-08-25",2014-04-17,"gonza002","gonzaal02",16,7,1609,5776,667,1418,332,31,157,690,30,22,300,1168,48,79,50,43,138,1582,1539,40566,2409,4294,197,1039,0,0,0,0,0,0,0,0,0,0,0,0,0,0,0,0,0,0,0,0,0,0,0,0,0,0,0,0,0,0,0,0,0,1,"ss",0,0,0,0,1,0,0,0,898,0.245498614958449,0.395256232686981,0.289932236205228,0.149757617728532,0.180908195121951,0.11547783933518,0.245498614958449,0.155470914127424,0.0574792243767313,0.00536703601108033,0.0271814404432133,0.119459833795014,0.00519390581717452,0.00380886426592798,0.0519390581717451,0.202216066481994,0.00831024930747922,0.0136772853185596,0.00865650969529086,0.00744459833795014,0.0238919667590028,0
"hafnetr01",0,0,0,0,"N",1977,6,3,"USA","ND","Jamestown",NA,NA,NA,"","","","Travis","Hafner","Travis Lee",240,75,"L","R","2002-08-06",2013-09-29,"hafnt001","hafnetr01",12,3,1183,4058,619,1107,250,13,213,731,11,7,598,976,81,90,0,29,86,72,68,1694,578,40,7,61,0,0,0,0,0,0,0,0,0,0,0,0,0,0,0,0,0,0,0,0,0,0,0,0,0,0,0,0,0,0,0,0,0,0,"1b",0,1,0,0,0,0,0,0,631,0.272794480039428,0.498275012321341,0.375916230366492,0.225480532281912,0.269282871751172,0.152538196155742,0.272794480039428,0.155495317890586,0.0616067028092656,0.00320354854608181,0.0524889107934943,0.180137999014293,0.00271069492360769,0.00172498767865944,0.147363233119763,0.240512567767373,0.0199605717102021,0.0221784130113356,0,0.00714637752587481,0.0211927057663874,0
"hairsje02",0,0,0,0,"N",1976,5,29,"USA","IA","Des Moines",NA,NA,NA,"","","","Jerry","Hairston","Jerry Wayne",195,70,"R","R","1998-09-11",2013-09-25,"hairj002","hairsje02",16,9,1442,4387,580,1126,233,22,70,420,147,68,373,572,8,84,88,35,82,1387,1119,30054,2204,2344,105,498,0,0,0,0,0,0,0,0,0,0,0,0,0,0,0,0,0,0,0,0,0,0,0,0,0,0,0,0,0,0,0,0,0,0,"2b",0,0,1,0,0,0,0,0,801,0.256667426487349,0.367677228174151,0.324451731912277,0.111009801686802,0.177046150687744,0.132208798723501,0.256667426487349,0.182584909961249,0.0531114656940962,0.00501481650330522,0.0159562343286984,0.0957374059721906,0.0335080920902667,0.015500341919307,0.0850239343514931,0.130385229085936,0.00182356963756553,0.0191474811944381,0.0200592660132209,0.00797811716434921,0.0186915887850467,0
"hairssc01",0,0,0,0,"N",1980,5,25,"USA","TX","Fort Worth",NA,NA,NA,"","","","Scott","Hairston","Scott Alexander",200,72,"R","R","2004-05-07",2014-09-28,"hairs001","hairssc01",11,6,923,2431,300,589,133,17,106,313,36,11,175,577,5,21,10,23,41,663,557,14669,1117,225,28,50,0,0,0,0,0,0,0,0,0,0,0,0,0,0,0,0,0,0,0,0,0,0,0,0,0,0,0,0,0,0,0,0,0,0,"lf",0,0,0,0,0,1,0,0,333,0.242287124640066,0.44179350061703,0.29622641509434,0.199506375976964,0.219755538752363,0.123406005758947,0.242287124640066,0.136980666392431,0.0547099958864665,0.00699300699300699,0.0436034553681613,0.128753599341835,0.0148087206910736,0.00452488687782805,0.071986836692719,0.237350884409708,0.00205676676264912,0.00863842040312628,0.00411353352529823,0.00946112710818593,0.0168654874537227,0
"hallbi03",0,0,0,0,"N",1979,12,28,"USA","MS","Tupelo",NA,NA,NA,"","","","Bill","Hall","William",210,72,"R","R","2002-09-01",2012-06-01,"hallb001","hallbi03",11,6,1054,3334,450,827,210,21,125,440,62,40,286,971,14,13,15,26,64,987,847,22585,1398,1549,116,276,0,0,0,0,0,0,0,0,0,0,0,0,0,0,0,0,0,0,0,0,0,0,0,0,0,0,0,0,0,0,0,0,0,0,"3b",0,0,0,1,0,0,0,0,471,0.248050389922016,0.436112777444511,0.307734353648538,0.188062387522496,0.220126694101509,0.13497300539892,0.248050389922016,0.14127174565087,0.0629874025194961,0.00629874025194961,0.0374925014997001,0.131973605278944,0.0185962807438512,0.011997600479904,0.0857828434313137,0.29124175164967,0.00419916016796641,0.00389922015596881,0.00449910017996401,0.00779844031193761,0.0191961607678464,0
"harriwi01",0,0,0,0,"N",1978,6,22,"USA","GA","Cairo",NA,NA,NA,"","","","Willie","Harris","William Charles",195,69,"L","R","2001-09-02",2012-06-24,"harrw001","harriwi02",12,7,1046,2441,365,580,100,24,39,212,107,40,306,500,6,25,28,15,33,834,559,15922,1318,591,29,123,0,0,0,0,0,0,0,0,0,0,0,0,0,0,0,0,0,0,0,0,0,0,0,0,0,0,0,0,0,0,0,0,0,0,"lf",0,0,0,0,0,1,0,0,417,0.237607537894306,0.346169602621876,0.326874775744528,0.108562064727571,0.183352247393024,0.149528881605899,0.237607537894306,0.17083162638263,0.0409668168783286,0.00983203605079885,0.0159770585825481,0.0868496517820565,0.0438344940598116,0.0163867267513314,0.125358459647685,0.204834084391643,0.00245800901269971,0.0102417042195821,0.011470708725932,0.00614502253174928,0.0135190495698484,0
"hartco01",0,0,0,0,"N",1982,3,24,"USA","KY","Bowling Green",NA,NA,NA,"","","","Corey","Hart","Jon Corey",240,78,"R","R","2004-05-25",2015-06-21,"hartc001","hartco01",11,3,1048,3729,549,1009,221,33,162,538,85,40,286,853,16,52,15,32,90,919,875,23036,2364,94,30,75,0,0,0,0,0,0,0,0,0,0,0,0,0,0,0,0,0,0,0,0,0,0,0,0,0,0,0,0,0,0,0,0,0,2,"rf",0,0,0,0,0,0,0,1,593,0.270581925449182,0.47787610619469,0.328616735789217,0.207294180745508,0.232937398971345,0.14722445695897,0.270581925449182,0.159023866988469,0.059265218557254,0.00884955752212389,0.0434432823813355,0.144274604451596,0.0227943148297131,0.0107267363904532,0.0766961651917404,0.228747653526415,0.00429069455618128,0.0139447573075892,0.00402252614641995,0.00858138911236256,0.0241351568785197,0
"heltoto01",0,0,0,0,"N",1973,8,20,"USA","TN","Knoxville",NA,NA,NA,"","","","Todd","Helton","Todd Lynn",220,74,"L","L","1997-08-02",2013-09-29,"heltt001","heltoto01",17,1,2247,7962,1401,2519,592,37,369,1406,37,29,1335,1175,185,57,3,93,186,2193,2134,56007,18905,1728,79,2028,0,0,0,0,0,0,0,0,4,0,0,0,0,0,0,0,0,0,3,0,0,0,0,0,0,0,4,0,1,0,0,0,0,5,"1b",0,1,0,0,0,0,0,0,1521,0.316377794523989,0.539060537553379,0.41399386048481,0.22268274302939,0.276097149643705,0.175960813865863,0.316377794523989,0.191032403918613,0.0743531775935694,0.00464707359959809,0.046345139412208,0.176588796784727,0.00464707359959809,0.00364230092941472,0.16767143933685,0.147575985933183,0.0232353679979905,0.00715900527505652,0.000376789751318764,0.0116804822908817,0.0233609645817634,4
"hernara02",0,0,0,0,"N",1976,5,20,"Venezuela","Distrito Federal","Caracas",NA,NA,NA,"","","","Ramon","Hernandez","Ramon Jose",220,72,"R","R","1999-06-29",2013-06-12,"hernr002","hernara02",15,6,1526,5105,580,1345,262,8,169,757,9,5,430,734,23,74,40,52,151,1495,1384,36529,9302,625,102,126,80,9,790,346,0,0,0,0,0,0,0,0,0,0,0,0,0,0,0,0,0,0,0,0,0,0,0,0,0,0,0,0,0,1,"c",1,0,0,0,0,0,0,0,906,0.263467189030362,0.417238001958864,0.326620738385444,0.153770812928501,0.197891060659808,0.113614103819785,0.263467189030362,0.177473065621939,0.0513222331047992,0.00156709108716944,0.0331047992164545,0.148285994123408,0.00176297747306562,0.000979431929480901,0.0842311459353575,0.143780607247796,0.00450538687561214,0.0144955925563173,0.00783545543584721,0.0101860920666014,0.0295788442703232,0
"hillko01",0,0,0,0,"N",1979,3,9,"USA","OK","Tulsa",NA,NA,NA,"","","","Koyie","Hill","Koyie Dolan",205,73,"B","R","2003-09-05",2014-07-20,"hillk002","hillko01",11,5,341,951,83,197,44,4,8,77,3,1,77,274,13,2,12,7,23,321,259,7151,2036,137,18,21,13,0,152,54,0,0,0,0,0,0,0,0,0,0,0,0,0,0,0,0,0,0,0,0,0,0,0,0,0,0,0,0,0,0,"c",1,0,0,0,0,0,0,0,141,0.207150368033649,0.287066246056782,0.266152362584378,0.0799158780231335,0.13410234375,0.0872765509989485,0.207150368033649,0.148264984227129,0.046267087276551,0.00420609884332282,0.00841219768664564,0.0809674027339642,0.00315457413249211,0.0010515247108307,0.0809674027339642,0.288117770767613,0.0136698212407992,0.00210304942166141,0.0126182965299685,0.00736067297581493,0.0241850683491062,0
"hinsker01",0,0,0,0,"N",1977,8,5,"USA","WI","Menasha",NA,NA,NA,"","","","Eric","Hinske","Eric Scott",235,74,"L","R","2002-04-01",2013-06-27,"hinse001","hinsker01",12,7,1387,3797,549,947,240,18,137,522,61,21,452,949,29,30,0,31,91,1011,880,22924,2463,877,68,211,0,0,0,0,0,0,0,0,0,0,0,0,0,1,0,0,0,0,0,0,0,0,0,0,0,0,0,0,0,0,0,0,0,0,"3b",0,0,0,1,0,0,0,0,552,0.249407426915986,0.430339741901501,0.331554524361949,0.180932314985515,0.229972576500818,0.144587832499342,0.249407426915986,0.145377929944693,0.0632077956281275,0.00474058467210956,0.0360811166710561,0.137476955491177,0.0160653147221491,0.00553068211746115,0.119041348432973,0.249934158546221,0.00763760863839874,0.00790097445351593,0,0.00816434026863313,0.023966289175665,0
"hudsoor01",0,0,0,0,"N",1977,12,12,"USA","SC","Darlington",NA,NA,NA,"","","","Orlando","Hudson","Orlando Thill",190,72,"B","R","2002-07-24",2012-10-03,"hudso001","hudsoor01",11,6,1345,4825,648,1319,256,66,93,542,85,28,483,825,21,30,33,42,138,1308,1265,33375,2652,3860,92,847,0,0,0,0,0,0,0,0,0,0,0,0,0,0,0,0,0,0,4,0,0,0,0,0,0,0,0,0,0,0,0,0,0,2,"2b",0,0,1,0,0,0,0,0,904,0.273367875647668,0.41160621761658,0.340520446096654,0.138238341968912,0.195585034521366,0.134300518134715,0.273367875647668,0.187357512953368,0.0530569948186529,0.0136787564766839,0.0192746113989637,0.112331606217617,0.0176165803108808,0.00580310880829016,0.100103626943005,0.170984455958549,0.00435233160621762,0.00621761658031088,0.00683937823834197,0.00870466321243523,0.0286010362694301,0
"huffau01",0,0,0,0,"N",1976,12,20,"USA","OH","Marion",NA,NA,NA,"","","","Aubrey","Huff","Aubrey Lewis",225,76,"L","R","2000-08-02",2012-10-03,"huffa001","huffau01",13,5,1681,6104,806,1699,360,24,242,904,37,25,571,907,80,48,0,63,160,1245,1181,30312,5159,921,85,459,0,0,0,0,0,0,0,0,0,0,0,0,0,0,0,0,0,0,0,0,0,0,0,0,0,0,1,0,0,0,0,0,0,0,"1b",0,1,0,0,0,0,0,0,1073,0.278342070773263,0.464121887287025,0.341585617447686,0.185779816513761,0.219730748583358,0.132044560943644,0.278342070773263,0.175786369593709,0.0589777195281782,0.00393184796854522,0.0396461336828309,0.148099606815203,0.00606159895150721,0.0040956749672346,0.0935452162516383,0.148591087811271,0.0131061598951507,0.00786369593709043,0,0.0103211009174312,0.0262123197903014,0
"hunteto01",0,0,0,0,"N",1975,7,18,"USA","AR","Pine Bluff",NA,NA,NA,"","","","Torii","Hunter","Torii Kedar",220,74,"R","R","1997-08-22",2015-10-03,"huntt001","hunteto01",19,3,2372,8857,1296,2452,498,39,353,1391,195,99,661,1741,52,97,6,71,262,2256,2209,57673,5263,131,52,30,0,0,0,0,0,0,0,0,1,0,0,0,0,0,0,0,0,0,9,0,0,0,0,0,0,0,2,1,0,0,0,0,0,4,"cf",0,0,0,0,0,0,1,0,1562,0.276843174889918,0.461442926498815,0.33140615321082,0.184599751608897,0.214509507992526,0.14632494072485,0.276843174889918,0.176357683188439,0.056226713334086,0.00440329682736818,0.0398554815400248,0.157050920176132,0.0220164841368409,0.0111775996387039,0.0746302359715479,0.19656768657559,0.00587106243649091,0.0109517895449927,0.000677430281133567,0.00801625832674721,0.0295811222761657,1
"ibanera01",0,0,0,0,"N",1972,6,2,"USA","NY","New York",NA,NA,NA,"","","","Raul","Ibanez","Raul Javier",225,74,"L","R","1996-08-01",2014-09-28,"ibanr001","ibanera01",19,5,2161,7471,1055,2034,424,51,305,1207,50,29,713,1374,83,29,2,63,166,1767,1598,42586,3677,169,49,114,0,0,0,0,0,0,0,0,0,0,0,0,0,0,0,0,0,0,0,0,0,0,0,0,0,0,0,0,0,0,0,0,0,1,"lf",0,0,0,0,0,1,0,0,1254,0.272252710480525,0.465131843126757,0.335427742870952,0.192879132646232,0.223253777615037,0.141212689064382,0.272252710480525,0.167849016195958,0.0567527774059697,0.00682639539552938,0.0408245214830679,0.161558024360862,0.00669254450542096,0.00388167581314416,0.0954356846473029,0.183911123008968,0.0111096238789988,0.00388167581314416,0.000267701780216838,0.00843260607683041,0.0222192477579976,0
"ingebr01",0,0,0,0,"N",1977,5,19,"USA","VA","Lynchburg",NA,NA,NA,"","","","Brandon","Inge","Charles Brandon",190,71,"R","R","2001-04-03",2013-07-21,"ingeb001","ingebr01",13,3,1532,5014,563,1166,228,38,152,648,45,40,443,1306,16,68,45,47,102,1530,1399,37614,2856,2458,133,258,40,0,200,114,0,0,0,0,0,0,0,0,0,0,0,0,0,0,0,0,0,0,0,0,0,0,0,0,0,0,0,0,0,1,"3b",0,0,0,1,0,0,0,0,748,0.232548863183087,0.3841244515357,0.300969131371141,0.151575588352613,0.194509791216703,0.112285600319107,0.232548863183087,0.14918228958915,0.0454726765057838,0.00757877941763063,0.0303151176705225,0.129238133226965,0.00897487036298365,0.00797766254487435,0.0883526126844835,0.260470682090148,0.00319106501794974,0.0135620263262864,0.00897487036298365,0.00937375349022736,0.0203430394894296,0
"izturce01",0,0,0,0,"N",1980,2,10,"Venezuela","Lara","Barquisimeto",NA,NA,NA,"","","","Cesar","Izturis","Cesar David",180,69,"B","R","2001-06-23",2013-09-29,"iztuc001","izturce01",13,9,1310,4350,441,1103,177,34,17,312,110,53,226,431,21,22,63,18,88,1272,1120,30307,1623,3337,98,688,0,0,0,0,0,0,0,0,0,0,0,0,0,0,0,0,0,0,1,0,0,0,0,0,0,0,0,0,0,0,0,0,0,0,"ss",0,0,0,0,1,0,0,0,875,0.253563218390805,0.321609195402299,0.292677642980936,0.0680459770114943,0.119839390642002,0.101379310344828,0.253563218390805,0.201149425287356,0.0406896551724138,0.00781609195402299,0.00390804597701149,0.0717241379310345,0.0252873563218391,0.012183908045977,0.0519540229885057,0.0990804597701149,0.00482758620689655,0.00505747126436782,0.0144827586206897,0.00413793103448276,0.0202298850574713,0
"izturma01",0,0,0,0,"N",1980,9,12,"Venezuela","Lara","Barquisimeto",NA,NA,NA,"","","","Maicer","Izturis","Maicer",185,68,"B","R","2004-08-27",2014-04-13,"iztum001","izturma01",11,3,909,3013,406,810,159,17,39,334,93,33,267,355,11,24,22,24,61,865,743,20120,902,1801,74,334,0,0,0,0,0,0,0,0,0,0,0,0,0,0,0,0,0,0,0,0,0,0,0,0,0,0,0,0,0,0,0,0,0,0,"3b",0,0,0,1,0,0,0,0,595,0.268835048124793,0.371722535678726,0.330829326923077,0.102887487553933,0.168315948145915,0.134749419183538,0.268835048124793,0.197477597079323,0.0527713242615334,0.00564221705940923,0.012943909724527,0.110852970461334,0.0308662462661799,0.0109525389976767,0.088615997344839,0.11782276800531,0.00365084633255891,0.00796548290740126,0.00730169266511782,0.00796548290740126,0.0202456023896449,0
"jeterde01",0,0,0,0,"N",1974,6,26,"USA","NJ","Pequannock",NA,NA,NA,"","","","Derek","Jeter","Derek Sanderson",195,75,"R","R","1995-05-29",2014-09-28,"jeted001","jeterde01",20,1,2747,11195,1923,3465,544,66,260,1311,358,97,1082,1840,39,170,97,58,287,2674,2661,69677,3820,6605,254,1408,0,0,0,0,0,0,0,0,2,0,0,0,0,1,1,1,1,0,5,0,1,0,1,0,0,0,5,0,2,0,0,0,0,13,"ss",0,0,0,0,1,0,0,0,2595,0.309513175524788,0.439571237159446,0.377209116353459,0.130058061634658,0.193902294240334,0.171773112996874,0.309513175524788,0.231799910674408,0.0485931219294328,0.00589548905761501,0.0232246538633318,0.117105850826262,0.0319785618579723,0.00866458240285842,0.0966502903081733,0.164359088878964,0.00348369807949978,0.0151853506029477,0.00866458240285842,0.00518088432335864,0.0256364448414471,2
"johnsda06",0,0,0,0,"N",1979,8,10,"USA","MN","Coon Rapids",NA,NA,NA,"","","","Dan","Johnson","Daniel Ryan",210,74,"L","R","2005-05-27",2015-07-28,"johnd004","johnsda06",10,6,443,1382,179,324,61,2,57,203,1,1,214,244,8,7,0,22,35,356,322,8729,2827,199,18,306,0,0,0,0,0,0,0,0,0,0,0,0,0,0,0,0,0,0,0,0,0,0,0,0,0,0,0,0,0,0,0,0,0,0,"1b",0,1,0,0,0,0,0,0,204,0.234442836468886,0.40520984081042,0.335384615384615,0.170767004341534,0.226239455782313,0.129522431259045,0.234442836468886,0.147612156295224,0.0441389290882779,0.00144717800289436,0.0412445730824891,0.146888567293777,0.000723589001447178,0.000723589001447178,0.154848046309696,0.176555716353111,0.00578871201157742,0.00506512301013025,0,0.0159189580318379,0.0253256150506512,0
"johnsni01",0,0,0,0,"N",1978,9,19,"USA","CA","Sacramento",NA,NA,NA,"","","","Nick","Johnson","Nicholas Robert",235,75,"L","L","2001-08-21",2012-06-27,"johnn001","johnsni01",10,5,832,2698,430,723,173,5,95,398,29,24,522,572,42,74,9,13,78,675,634,16733,5320,423,49,487,0,0,0,0,0,0,0,0,0,0,0,0,0,0,0,0,0,0,0,0,0,0,0,0,0,0,0,0,0,0,0,0,0,0,"1b",0,1,0,0,0,0,0,0,450,0.267976278724981,0.441438102297999,0.39885092228606,0.173461823573017,0.260994180704441,0.159377316530764,0.267976278724981,0.166790214974055,0.06412157153447,0.00185322461082283,0.0352112676056338,0.147516679021497,0.0107487027427724,0.00889547813194959,0.193476649369904,0.212008895478132,0.0155670867309118,0.0274277242401779,0.0033358042994811,0.00481838398813936,0.0289103039288362,0
"johnsre02",0,0,0,0,"N",1976,12,8,"USA","CA","Riverside",NA,NA,NA,"","","","Reed","Johnson","Reed Cameron",185,70,"R","R","2003-04-17",2015-10-03,"johnr008","johnsre02",13,6,1320,3630,518,1014,215,23,65,408,41,29,181,728,11,134,25,22,78,1079,776,22265,1644,53,18,10,0,0,0,0,0,0,0,0,0,0,0,0,0,0,0,0,0,0,0,0,0,0,0,0,0,0,0,0,0,0,0,0,0,0,"lf",0,0,0,0,0,1,0,0,711,0.279338842975207,0.40495867768595,0.335013864381144,0.125619834710744,0.183059352881699,0.142699724517906,0.279338842975207,0.195867768595041,0.059228650137741,0.00633608815426997,0.0179063360881543,0.112396694214876,0.0112947658402204,0.00798898071625344,0.049862258953168,0.200550964187328,0.00303030303030303,0.0369146005509642,0.0068870523415978,0.00606060606060606,0.0214876033057851,0
"jonesan01",0,0,0,0,"N",1977,4,23,"Curacao","","Willemstad",NA,NA,NA,"","","","Andruw","Jones","Andruw Rudolf",225,73,"R","R","1996-08-15",2012-10-03,"jonea002","jonesan01",17,5,2196,7599,1204,1933,383,36,434,1289,152,59,891,1748,69,97,6,71,191,2051,1924,51235,4990,124,50,35,0,0,0,0,0,0,0,0,2,0,1,0,0,0,0,0,0,0,10,0,0,0,0,0,0,0,1,0,1,0,0,0,0,4,"cf",0,0,0,0,0,0,1,0,1080,0.254375575733649,0.485590209238058,0.337375837375837,0.231214633504408,0.254968098730935,0.158441900250033,0.254375575733649,0.142123963679432,0.0504013686011317,0.00473746545598105,0.0571127779971049,0.169627582576655,0.0200026319252533,0.00776417949730228,0.117252270035531,0.230030267140413,0.00908014212396368,0.0127648374786156,0.000789577575996842,0.00934333464929596,0.0251348861692328,2
"jonesch06",0,0,0,0,"N",1972,4,24,"USA","FL","DeLand",NA,NA,NA,"","","","Chipper","Jones","Larry Wayne",210,76,"B","R","1993-09-11",2012-10-03,"jonec004","jonesch06",19,1,2499,8984,1619,2726,549,38,468,1623,150,46,1512,1409,177,18,3,97,253,2405,2371,61848,1771,3581,243,308,0,0,0,0,0,0,0,1,3,0,0,0,0,0,0,0,0,0,0,0,0,0,0,0,0,0,2,0,0,0,0,0,0,7,"3b",0,0,0,1,0,0,0,0,1671,0.303428317008014,0.529274265360641,0.401093205164452,0.225845948352627,0.270748111941729,0.180209260908281,0.303428317008014,0.18599732858415,0.0611086375779163,0.00422974176313446,0.0520926090828139,0.180654496883348,0.0166963490650045,0.00512021371326803,0.168299198575245,0.156834372217275,0.0197016918967053,0.00200356188780053,0.000333926981300089,0.0107969723953695,0.0281611754229742,3
"kearnau01",0,0,0,0,"N",1980,5,20,"USA","KY","Lexington",NA,NA,NA,"","","","Austin","Kearns","Austin Ryan",240,75,"R","R","2002-04-17",2013-05-03,"keara001","kearnau01",12,5,1125,3606,522,914,187,13,121,494,33,21,475,898,19,75,3,20,115,1008,946,25095,2233,51,31,14,0,0,0,0,0,0,0,0,0,0,0,0,0,0,0,0,0,0,0,0,0,0,0,0,0,0,0,0,0,0,0,0,0,0,"rf",0,0,0,0,0,0,0,1,593,0.253466444814199,0.413200221852468,0.350574712643678,0.15973377703827,0.224766514313207,0.144758735440932,0.253466444814199,0.16444814198558,0.0518580144204104,0.0036051026067665,0.033555185801442,0.136993899057127,0.00915141430948419,0.00582362728785358,0.131724902939545,0.249029395452024,0.00526899611758181,0.0207986688851913,0.000831946755407654,0.00554631170271769,0.0318912922906267,0
"kennead01",0,0,0,0,"N",1976,1,10,"USA","CA","Riverside",NA,NA,NA,"","","","Adam","Kennedy","Adam Thomas",195,71,"L","R","1999-08-21",2012-09-07,"kenna001","kennead01",14,7,1691,5473,682,1488,288,42,80,571,179,62,401,839,43,72,55,53,108,1612,1421,38047,2888,3905,131,821,0,0,0,0,0,0,0,0,0,0,0,0,0,0,0,0,0,0,0,0,0,0,0,0,0,1,0,0,0,0,0,0,0,0,"2b",0,0,1,0,0,0,0,0,1078,0.271880138863512,0.383701808879956,0.326887814635773,0.111821670016444,0.167348959032908,0.124611730312443,0.271880138863512,0.196966928558377,0.0526219623606797,0.00767403617759912,0.0146172117668555,0.104330348985931,0.0327060113283391,0.011328339119313,0.0732687739813631,0.153298008404897,0.00785675132468482,0.0131554905901699,0.0100493330897131,0.00968390279554175,0.0197332358852549,0
"konerpa01",0,0,0,0,"N",1976,3,5,"USA","RI","Providence",NA,NA,NA,"","","","Paul","Konerko","Paul Henry",220,74,"R","R","1997-09-08",2014-09-28,"konep001","konerpa01",18,3,2349,8393,1162,2340,410,8,439,1412,9,4,921,1391,80,104,1,86,282,1951,1906,49677,15965,1151,85,1662,0,0,0,0,0,0,0,0,1,0,0,0,0,0,0,0,0,0,0,0,0,0,1,0,0,1,0,0,0,0,0,0,0,6,"1b",0,1,0,0,0,0,0,0,1483,0.278803765042297,0.486476825926367,0.354061447811448,0.20767306088407,0.238056600169779,0.138448707256047,0.278803765042297,0.176694864768259,0.0488502323364709,0.000953175265101871,0.0523054926724651,0.16823543429048,0.0010723221732396,0.000476587632550935,0.109734302394853,0.165733349219588,0.00953175265101871,0.0123912784463243,0.000119146908137734,0.0102466340998451,0.0335994280948409,1
"kotchca01",0,0,0,0,"N",1983,2,22,"USA","FL","St. Petersburg",NA,NA,NA,"","","","Casey","Kotchman","Casey John",220,75,"L","L","2004-05-09",2013-06-08,"kotcc001","kotchca01",10,8,939,3071,322,799,157,7,71,388,14,9,267,339,27,43,9,22,98,870,781,21173,6768,545,18,649,0,0,0,0,0,0,0,0,0,0,0,0,0,0,0,0,0,0,0,0,0,0,0,0,0,0,0,0,0,0,0,0,0,0,"1b",0,1,0,0,0,0,0,0,564,0.260175838489091,0.385216541843048,0.325888921539818,0.125040703353956,0.179727251184834,0.104851839791599,0.260175838489091,0.183653533051123,0.0511234125691957,0.0022793878215565,0.0231195050472159,0.12634321068056,0.00455877564311299,0.00293064148485835,0.0869423640507978,0.110387495929665,0.00879192445457506,0.0140019537609899,0.00293064148485835,0.00716379029632042,0.0319114295017909,0
"kotsama01",0,0,0,0,"N",1975,12,2,"USA","CA","Whittier",NA,NA,NA,"","","","Mark","Kotsay","Mark Steven",220,72,"L","L","1997-07-11",2013-09-29,"kotsm001","kotsama01",17,7,1914,6464,790,1784,353,48,127,720,98,64,554,757,38,13,30,48,152,1650,1488,39505,4108,181,49,109,0,0,0,0,0,0,0,0,0,0,0,0,0,0,0,0,0,0,0,0,0,0,0,0,0,0,0,0,0,0,0,0,0,0,"cf",0,0,0,0,0,0,1,0,1256,0.275990099009901,0.404393564356436,0.332109054951264,0.128403465346535,0.180374492259622,0.122215346534653,0.275990099009901,0.194306930693069,0.0546101485148515,0.00742574257425743,0.0196472772277228,0.111386138613861,0.0151608910891089,0.0099009900990099,0.0857054455445545,0.117110148514851,0.00587871287128713,0.00201113861386139,0.00464108910891089,0.00742574257425743,0.0235148514851485,0
"kubelja01",0,0,0,0,"N",1982,5,25,"USA","SD","Belle Fourche",NA,NA,NA,"","","","Jason","Kubel","Jason James",220,72,"L","R","2004-08-31",2014-06-06,"kubej002","kubelja01",10,3,1036,3480,442,913,187,19,140,564,12,7,355,834,34,11,3,34,89,622,585,15093,1038,44,17,13,0,0,0,0,0,0,0,0,0,0,0,0,0,0,0,0,0,0,0,0,0,0,0,0,0,0,0,0,0,0,0,0,0,0,"lf",0,0,0,0,0,1,0,0,567,0.26235632183908,0.447701149425287,0.329639175257732,0.185344827586207,0.219007436297452,0.127011494252874,0.26235632183908,0.162931034482759,0.053735632183908,0.00545977011494253,0.0402298850574713,0.162068965517241,0.00344827586206897,0.00201149425287356,0.102011494252874,0.239655172413793,0.00977011494252874,0.00316091954022989,0.000862068965517241,0.00977011494252874,0.0255747126436782,0
"lairdge01",0,0,0,0,"N",1979,11,13,"USA","CA","Garden Grove",NA,NA,NA,"","","","Gerald","Laird","Gerald Lee",230,73,"R","R","2003-04-30",2015-04-08,"lairg001","lairdge01",13,5,799,2452,314,597,137,9,38,238,21,11,193,494,8,32,35,22,58,761,680,18063,4511,383,52,61,55,0,387,207,0,0,0,0,0,0,0,0,0,0,0,0,0,0,0,0,0,0,0,0,0,0,0,0,0,0,0,0,0,0,"c",1,0,0,0,0,0,0,0,413,0.24347471451876,0.353181076672104,0.30455724342349,0.109706362153344,0.169430471943515,0.128058727569331,0.24347471451876,0.168433931484502,0.0558727569331158,0.00367047308319739,0.0154975530179445,0.0970636215334421,0.00856443719412724,0.00448613376835237,0.0787112561174551,0.201468189233279,0.0032626427406199,0.0130505709624796,0.0142740619902121,0.00897226753670473,0.0236541598694943,0
"langery01",0,0,0,0,"N",1980,2,20,"USA","TX","San Antonio",NA,NA,NA,"","","","Ryan","Langerhans","Ryan David",220,75,"L","L","2002-04-28",2013-09-29,"langr002","langery01",11,6,597,1250,177,283,58,12,33,125,11,8,192,388,16,12,11,9,17,490,325,9567,851,17,5,11,0,0,0,0,0,0,0,0,0,0,0,0,0,0,0,0,0,0,0,0,0,0,0,0,0,0,0,0,0,0,0,0,0,0,"lf",0,0,0,0,0,1,0,0,180,0.2264,0.3712,0.332877648667122,0.1448,0.213221147201106,0.1416,0.2264,0.144,0.0464,0.0096,0.0264,0.1,0.0088,0.0064,0.1536,0.3104,0.0128,0.0096,0.0088,0.0072,0.0136,0
"larocad01",0,0,0,0,"N",1979,11,6,"USA","CA","Orange County",NA,NA,NA,"","","","Adam","LaRoche","David Adam",205,74,"L","L","2004-04-07",2015-10-02,"laroa001","larocad01",12,6,1605,5593,752,1452,340,13,255,882,13,11,649,1407,67,24,5,58,128,1469,1407,37328,12072,935,70,1249,0,0,0,0,0,0,0,0,0,0,0,0,0,0,0,0,0,0,1,0,0,0,0,0,0,0,1,0,0,0,0,0,0,0,"1b",0,1,0,0,0,0,0,0,844,0.259610227069551,0.461827284105131,0.336021505376344,0.20221705703558,0.236975898993128,0.134453781512605,0.259610227069551,0.150902914357232,0.060790273556231,0.00232433398891471,0.0455927051671733,0.157697121401752,0.00232433398891471,0.0019667441444663,0.116037904523512,0.251564455569462,0.011979259789022,0.00429107813338101,0.000893974611121044,0.0103701054890041,0.0228857500446987,0
"leeca01",0,0,0,0,"N",1976,6,20,"Panama","Cocle","Aguadulce",NA,NA,NA,"","","","Carlos","Lee","Carlos",270,74,"R","R","1999-05-07",2012-10-03,"lee-c001","leeca01",14,5,2099,7983,1125,2273,469,19,358,1363,125,47,655,984,60,47,3,98,206,2020,1994,50793,4987,294,63,195,0,0,0,0,0,0,0,0,1,0,0,0,0,0,0,0,0,0,0,0,0,0,0,0,0,0,2,0,0,0,0,0,0,3,"lf",0,0,0,0,0,1,0,0,1427,0.284730051359138,0.482775898784918,0.338722532164409,0.19804584742578,0.223565585234438,0.140924464487035,0.284730051359138,0.178754854064888,0.0587498434172617,0.0023800576224477,0.0448452962545409,0.170737817862959,0.0156582738318928,0.00588751096079168,0.0820493548791181,0.12326193160466,0.00751597143930853,0.00588751096079168,0.000375798571965427,0.0122760866842039,0.0258048352749593,1
"ludwiry01",0,0,0,0,"N",1978,7,13,"USA","FL","Satellite Beach",NA,NA,NA,"","","","Ryan","Ludwick","Ryan Andrew",215,74,"R","L","2002-06-05",2014-09-27,"ludwr001","ludwiry01",12,6,1065,3549,454,923,201,8,154,587,17,20,339,888,16,45,10,30,64,956,885,23234,1682,39,12,10,0,0,0,0,0,0,0,0,0,0,0,0,0,0,0,0,0,0,0,0,0,0,0,0,0,0,1,0,0,0,0,0,0,1,"rf",0,0,0,0,0,0,0,1,560,0.26007326007326,0.451394759087067,0.329800656068635,0.191321499013807,0.227271598682544,0.127923358692589,0.26007326007326,0.157790927021696,0.0566356720202874,0.00225415610030995,0.0433925049309665,0.165398703860242,0.00479008171315864,0.00563539025077487,0.095519864750634,0.250211327134404,0.00450831220061989,0.0126796280642434,0.00281769512538743,0.0084530853761623,0.0180332488024796,0
"matsuhi01",0,0,0,0,"N",1974,6,12,"Japan","Ishikawa","Nomi",NA,NA,NA,"","","","Hideki","Matsui","Hideki",210,74,"L","R","2003-03-31",2012-07-22,"matsh001","matsuhi01",10,4,1236,4442,656,1253,249,12,175,760,13,9,547,689,35,21,0,46,106,692,686,17845,1326,41,24,11,0,0,0,0,0,0,0,0,0,0,0,0,0,0,0,0,1,0,0,0,0,0,0,0,0,0,0,0,0,0,0,0,0,2,"lf",0,0,0,0,0,1,0,0,817,0.282080144079244,0.461728950923008,0.360166139240506,0.179648806843764,0.227950129456284,0.14768122467357,0.282080144079244,0.183926159387663,0.0560558307068888,0.00270148581719946,0.0393966681674921,0.171094101755966,0.00292660963529941,0.00202611436289959,0.123142728500675,0.155110310670869,0.00787933363349842,0.00472760018009905,0,0.0103556956325979,0.0238631247185952,0
"mcdonjo03",0,0,0,0,"N",1974,9,24,"USA","CT","New London",NA,NA,NA,"","","","John","McDonald","John Joseph",185,69,"R","R","1999-07-04",2014-09-28,"mcdoj003","mcdonjo03",16,8,1100,2434,276,568,105,14,28,210,34,19,118,379,5,23,57,18,48,1032,660,19355,1081,2138,86,502,0,0,0,0,0,0,0,0,0,0,0,0,0,0,0,0,0,0,0,0,0,0,0,0,0,0,0,0,0,0,0,0,0,0,"ss",0,0,0,0,1,0,0,0,421,0.233360723089565,0.322514379622021,0.273428461241805,0.0891536565324568,0.134029289026275,0.113393590797042,0.233360723089565,0.172966310599836,0.043138866064092,0.0057518488085456,0.0115036976170912,0.0862777321281841,0.0139687756778965,0.00780608052588332,0.0484798685291701,0.155710764174199,0.00205423171733772,0.00944946589975349,0.02341824157765,0.00739523418241578,0.0197206244864421,0
"mclouna01",0,0,0,0,"N",1981,10,28,"USA","MI","Muskegon",NA,NA,NA,"","","","Nate","McLouth","Nathan Richard",190,70,"L","R","2005-06-29",2014-08-01,"mclon001","mclouna01",10,4,1045,3257,521,803,191,19,101,333,133,24,366,639,23,59,36,19,41,900,789,21733,1780,23,17,8,0,0,0,0,0,0,0,0,0,0,0,0,0,0,0,0,0,0,1,0,0,0,0,0,0,0,0,0,0,0,0,0,0,1,"cf",0,0,0,0,0,0,1,0,492,0.246545901136015,0.409886398526251,0.331802215617401,0.163340497390236,0.219854159869494,0.159963156278784,0.246545901136015,0.151059256984955,0.0586429229352165,0.00583358919250844,0.0310101320233344,0.102241326373964,0.0408351243475591,0.00736874424316856,0.112373349708321,0.196192815474363,0.00706171323303654,0.0181148295977894,0.0110531163647528,0.00583358919250844,0.012588271415413,0
"milleco01",0,0,0,0,"N",1976,3,18,"USA","CA","Yucaipa",NA,NA,NA,"","","","Corky","Miller","Corky Abraham Philip",250,73,"R","R","2001-09-04",2013-09-29,"millc001","milleco01",11,5,216,539,43,104,28,0,11,67,1,0,49,123,2,16,5,7,20,203,158,4304,1098,99,8,14,14,0,80,38,0,0,0,0,0,0,0,0,0,0,0,0,0,0,0,0,0,0,0,0,0,0,0,0,0,0,0,0,0,0,"c",1,0,0,0,0,0,0,0,65,0.192949907235622,0.306122448979592,0.276595744680851,0.11317254174397,0.178083743842365,0.0797773654916512,0.192949907235622,0.120593692022263,0.051948051948052,0,0.0204081632653061,0.12430426716141,0.00185528756957328,0,0.0909090909090909,0.228200371057514,0.00371057513914657,0.0296846011131725,0.00927643784786642,0.012987012987013,0.0371057513914657,0
"molinjo01",0,0,0,0,"N",1975,6,3,"P.R.","","Bayamon",NA,NA,NA,"","","","Jose","Molina","Jose Benjamin",250,72,"R","R","1999-09-06",2014-09-28,"molij001","molinjo01",15,6,947,2546,240,592,117,3,39,223,20,7,154,576,3,26,54,15,78,929,772,20572,6056,444,39,57,63,2,390,227,0,0,0,0,0,0,0,0,0,0,0,0,0,0,0,0,0,0,0,0,0,0,0,0,0,0,0,0,0,0,"c",1,0,0,0,0,0,0,0,433,0.232521602513747,0.326787117046347,0.281649033199562,0.0942655145326002,0.144962162162162,0.0942655145326002,0.232521602513747,0.170070699135899,0.0459544383346426,0.0011783189316575,0.0153181461115475,0.0875883739198743,0.00785545954438335,0.00274941084053417,0.0604870384917518,0.22623723487824,0.0011783189316575,0.0102120974076984,0.021209740769835,0.00589159465828751,0.0306362922230951,0
"murphda07",0,0,0,0,"N",1981,10,18,"USA","TX","Houston",NA,NA,NA,"","","","David","Murphy","David Matthew",210,75,"L","L","2006-09-02",2015-10-03,"murpd005","murphda07",10,4,1110,3467,440,950,203,16,104,472,54,28,316,575,23,9,7,37,61,968,832,22522,1598,49,16,11,0,0,0,0,0,0,0,0,0,0,0,0,0,0,0,0,0,0,0,0,0,0,0,0,0,0,0,0,0,0,0,0,0,0,"lf",0,0,0,0,0,1,0,0,627,0.274012114219787,0.431785405249495,0.332985113606686,0.157773291029709,0.201449973725696,0.126910873954427,0.274012114219787,0.180847995385059,0.0585520623017018,0.00461494087107009,0.0299971156619556,0.136140755696568,0.0155754254398616,0.00807614652437266,0.0911450822036343,0.165849437554081,0.00663397750216325,0.00259590423997693,0.00201903663109316,0.0106720507643496,0.0175944620709547,0
"nadyxa01",0,0,0,0,"N",1978,11,14,"USA","CA","Salinas",NA,NA,NA,"","","","Xavier","Nady","Xavier Clifford",215,74,"R","R","2000-09-30",2014-05-04,"nadyx001","nadyxa01",12,8,961,2969,365,797,159,7,104,410,19,8,189,626,15,58,7,18,95,834,728,19127,2329,174,31,146,0,0,0,0,0,0,0,0,0,0,0,0,0,0,0,0,0,0,0,0,0,0,0,0,0,0,0,0,0,0,0,0,0,0,"rf",0,0,0,0,0,0,0,1,527,0.268440552374537,0.431795217244864,0.322820037105751,0.163354664870327,0.199017893755825,0.122937015830246,0.268440552374537,0.177500842034355,0.0535533849781071,0.00235769619400472,0.0350286291680701,0.138093634220276,0.0063994610980128,0.00269450993600539,0.0636577972381273,0.210845402492422,0.0050522061300101,0.0195351970360391,0.00235769619400472,0.00606264735601213,0.031997305490064,0
"nievewi01",0,0,0,0,"N",1977,9,25,"P.R.","","San Juan",NA,NA,NA,"","","","Wil","Nieves","Wilbert",190,71,"R","R","2002-07-21",2015-04-29,"nievw001","nievewi01",12,7,427,1164,88,281,54,2,10,114,3,2,61,228,11,6,16,13,39,376,308,8381,2191,167,28,20,20,0,202,64,0,0,0,0,0,0,0,0,0,0,0,0,0,0,0,0,0,0,0,0,0,0,0,0,0,0,0,0,0,0,"c",1,0,0,0,0,0,0,0,215,0.241408934707904,0.31701030927835,0.279742765273312,0.0756013745704467,0.122303325223033,0.0756013745704467,0.241408934707904,0.184707903780069,0.0463917525773196,0.00171821305841924,0.00859106529209622,0.0979381443298969,0.00257731958762887,0.00171821305841924,0.0524054982817869,0.195876288659794,0.00945017182130584,0.00515463917525773,0.013745704467354,0.0111683848797251,0.0335051546391753,0
"nixla01",0,0,0,0,"N",1980,10,30,"USA","TX","Houston",NA,NA,NA,"","","","Laynce","Nix","Laynce Michael",220,73,"L","L","2003-07-10",2013-08-03,"nix-l001","nixla01",11,5,758,1915,235,460,110,11,69,249,9,5,122,534,18,7,4,15,25,560,452,12156,1100,32,16,26,0,0,0,0,0,0,0,0,0,0,0,0,0,0,0,0,0,0,0,0,0,0,0,0,0,0,0,0,0,0,0,0,0,0,"cf",0,0,0,0,0,0,1,0,270,0.240208877284595,0.417232375979112,0.286061194754735,0.177023498694517,0.197621264086232,0.122715404699739,0.240208877284595,0.140992167101828,0.0574412532637076,0.00574412532637076,0.0360313315926893,0.130026109660574,0.00469973890339426,0.00261096605744125,0.0637075718015666,0.278851174934726,0.00939947780678851,0.00365535248041775,0.002088772845953,0.00783289817232376,0.0130548302872063,0
"olivomi01",0,0,0,0,"N",1978,7,15,"D.R.","Monte Cristi","Villa Vasquez",NA,NA,NA,"","","","Miguel","Olivo","Miguel Eduardo",230,72,"R","R","2002-09-15",2014-05-11,"olivm001","olivomi01",13,8,1124,3765,435,905,177,26,145,490,53,34,158,1060,19,29,17,24,77,1055,953,25447,6683,502,84,70,100,0,459,234,0,0,0,0,0,0,0,0,0,0,0,0,0,0,0,0,0,0,0,0,0,0,0,0,0,0,0,0,0,0,"c",1,0,0,0,0,0,0,0,557,0.240371845949535,0.416733067729084,0.274647887323944,0.176361221779548,0.186489158453374,0.115537848605578,0.240371845949535,0.147941567065073,0.0470119521912351,0.00690571049136786,0.0385126162018592,0.130146082337317,0.0140770252324037,0.00903054448871182,0.0419654714475432,0.281540504648074,0.0050464807436919,0.00770252324037185,0.00451527224435591,0.00637450199203187,0.0204515272244356,0
"overbly01",0,0,0,0,"N",1977,1,28,"USA","WA","Centralia",NA,NA,NA,"","","","Lyle","Overbay","Lyle Stefan",235,74,"L","L","2001-09-19",2014-09-28,"overl001","overbly01",14,6,1587,5102,645,1355,356,12,151,675,19,7,638,1108,57,18,3,35,149,1440,1333,35779,11760,1000,68,1125,0,0,0,0,0,0,0,0,0,0,0,0,0,0,0,0,0,0,0,0,0,0,0,0,0,0,0,0,0,0,0,0,0,0,"1b",0,1,0,0,0,0,0,0,836,0.265582124656997,0.428851430811446,0.3471431037459,0.163269306154449,0.222671164574616,0.126421011368091,0.265582124656997,0.163857310858487,0.0697765582124657,0.00235201881615053,0.0295962367698942,0.132301058408467,0.00372402979223834,0.00137201097608781,0.125049000392003,0.217169737357899,0.011172089376715,0.00352802822422579,0.000588004704037632,0.00686005488043904,0.0292042336338691,0
"penaca01",0,0,0,0,"N",1978,5,17,"D.R.","Distrito Nacional","Santo Domingo",NA,NA,NA,"","","","Carlos","Pena","Carlos Felipe",225,74,"L","L","2001-09-05",2014-07-12,"penac001","penaca01",14,8,1493,4949,745,1146,231,26,286,818,29,22,817,1577,51,75,6,45,71,1380,1308,34993,10900,906,71,1140,0,0,0,0,0,0,0,0,1,0,0,0,0,0,0,0,0,0,1,0,0,0,0,0,0,0,1,0,0,0,1,0,0,0,"1b",0,1,0,0,0,0,0,0,603,0.231561931703374,0.462113558294605,0.346245327896704,0.230551626591231,0.269535458440446,0.150535461709436,0.231561931703374,0.12184279652455,0.0466760961810467,0.00525358658314811,0.0577894524146292,0.165285916346737,0.00585976965043443,0.00444534249343302,0.165083855324308,0.318650232370176,0.0103051121438674,0.015154576682158,0.00121236613457264,0.00909274600929481,0.0143463325924429,1
"pierrju01",0,0,0,0,"N",1977,8,14,"USA","AL","Mobile",NA,NA,NA,"","","","Juan","Pierre","Juan D'Vaughn",180,70,"L","L","2000-08-07",2013-09-29,"pierj002","pierrju01",14,7,1994,7525,1075,2217,255,94,18,517,614,203,464,479,8,102,167,20,92,1831,1739,46535,3879,44,40,14,0,0,0,0,0,0,0,0,0,0,0,0,0,0,0,0,0,0,0,0,0,0,0,0,0,0,0,0,0,0,0,0,0,0,"cf",0,0,0,0,0,0,1,0,1850,0.294617940199336,0.360664451827243,0.343114289236839,0.066046511627907,0.13160446748118,0.142857142857143,0.294617940199336,0.245847176079734,0.0338870431893688,0.0124916943521595,0.00239202657807309,0.0687043189368771,0.0815946843853821,0.0269767441860465,0.0616611295681063,0.0636544850498339,0.00106312292358804,0.0135548172757475,0.0221926910299003,0.0026578073089701,0.0122259136212625,0
"podsesc01",0,0,0,0,"N",1976,3,18,"USA","TX","West",NA,NA,NA,"","","","Scott","Podsednik","Scott Eric",185,72,"L","L","2001-07-06",2012-10-03,"podss001","podsesc01",11,7,1079,3906,563,1096,178,41,42,312,309,104,333,630,7,25,57,24,67,974,902,24364,2068,31,33,7,0,0,0,0,0,0,0,0,0,0,0,0,0,0,0,0,0,0,0,0,0,0,0,0,0,0,0,0,0,0,0,0,0,1,"lf",0,0,0,0,0,1,0,0,835,0.280593958013313,0.379416282642089,0.339085820895522,0.0988223246287763,0.163016584910068,0.144137224782386,0.280593958013313,0.213773681515617,0.0455709165386585,0.0104966717869944,0.010752688172043,0.0798771121351766,0.0791090629800307,0.0266257040450589,0.0852534562211982,0.161290322580645,0.0017921146953405,0.00640040962621608,0.0145929339477727,0.00614439324116743,0.0171530977982591,0
"polanpl01",0,0,0,0,"N",1975,10,10,"D.R.","Distrito Nacional","Santo Domingo",NA,NA,NA,"","","","Placido","Polanco","Placido Enrique",190,69,"R","R","1998-07-03",2013-09-28,"polap001","polanpl01",16,4,1927,7214,1009,2142,348,32,104,723,81,30,429,538,13,101,86,56,201,1906,1695,46023,2767,4505,76,914,0,0,0,0,0,0,0,0,1,0,0,0,0,0,0,0,0,0,3,0,0,0,0,0,0,1,1,0,0,0,0,0,0,1,"2b",0,0,1,0,0,0,0,0,1658,0.296922650401996,0.397283060715276,0.342564102564103,0.10036041031328,0.15663495569539,0.139866925422789,0.296922650401996,0.229830884391461,0.0482395342389798,0.00443581924036596,0.0144164125311894,0.100221790962018,0.0112281674521763,0.00415858053784308,0.0594677016911561,0.0745772109786526,0.00180205156639867,0.014000554477405,0.0119212642084835,0.00776268367064042,0.0278624896035487,1
"puntoni01",0,0,0,0,"N",1977,11,8,"USA","CA","San Diego",NA,NA,NA,"","","","Nick","Punto","Nicholas Paul",195,69,"B","R","2001-09-09",2014-09-27,"puntn001","puntoni01",14,6,1163,3253,421,798,141,27,19,263,104,36,386,651,9,3,63,29,63,1122,857,23749,1352,2381,84,470,0,0,0,0,0,0,0,0,0,0,0,0,0,0,0,0,0,0,0,0,0,0,0,0,0,0,0,0,0,0,0,0,0,0,"2b",0,0,1,0,0,0,0,0,611,0.245312019674147,0.322778973255457,0.323345137564696,0.0774669535813096,0.158196286182414,0.12941899784814,0.245312019674147,0.18782662158008,0.0433446049800184,0.0083000307408546,0.00584076237319398,0.0808484475868429,0.0319704887795881,0.0110667076544728,0.118659698739625,0.200122963418383,0.0027666769136182,0.000922225637872733,0.0193667383953274,0.00891484783276975,0.0193667383953274,0
"quinthu01",0,0,0,0,"N",1979,8,2,"Venezuela","Zulia","Maracaibo",NA,NA,NA,"","","","Humberto","Quintero","Humberto",215,70,"R","R","2003-09-03",2014-09-27,"quinh001","quinthu01",12,5,471,1346,95,315,61,2,20,127,1,3,47,294,9,15,11,4,47,455,393,10326,2835,245,30,36,21,0,192,95,0,0,0,0,0,0,0,0,0,0,0,0,0,0,0,0,0,0,0,0,0,0,0,0,0,0,0,0,0,0,"c",1,0,0,0,0,0,0,0,232,0.234026745913819,0.326894502228826,0.26699716713881,0.0928677563150074,0.128606272273699,0.0705794947994056,0.234026745913819,0.172362555720654,0.0453194650817236,0.00148588410104012,0.0148588410104012,0.0943536404160475,0.000742942050520059,0.00222882615156018,0.0349182763744428,0.218424962852897,0.00668647845468053,0.0111441307578009,0.00817236255572065,0.00297176820208024,0.0349182763744428,0
"quirogu01",0,0,0,0,"N",1981,11,29,"Venezuela","Zulia","Maracaibo",NA,NA,NA,"","","","Guillermo","Quiroz","Guillermo Antonio",215,73,"R","R","2004-09-04",2014-09-13,"quirg001","quirogu01",10,6,148,346,24,69,18,0,3,34,1,0,22,85,1,5,4,2,8,132,90,2534,575,46,6,7,10,0,65,23,0,0,0,0,0,0,0,0,0,0,0,0,0,0,0,0,0,0,0,0,0,0,0,0,0,0,0,0,0,0,"c",1,0,0,0,0,0,0,0,48,0.199421965317919,0.277456647398844,0.256,0.0780346820809248,0.137816577540107,0.069364161849711,0.199421965317919,0.138728323699422,0.0520231213872832,0,0.00867052023121387,0.0982658959537572,0.00289017341040462,0,0.0635838150289017,0.245664739884393,0.00289017341040462,0.0144508670520231,0.0115606936416185,0.00578034682080925,0.023121387283237,0
"ramirar01",0,0,0,0,"N",1978,6,25,"D.R.","Distrito Nacional","Santo Domingo",NA,NA,NA,"","","","Aramis","Ramirez","Aramis",205,73,"R","R","1998-05-26",2015-10-03,"ramia001","ramirar01",18,3,2194,8136,1098,2303,495,24,386,1417,29,18,633,1238,58,127,3,87,233,2117,2096,54061,1224,3628,246,292,0,0,0,0,0,0,0,0,0,0,0,0,0,0,0,0,0,0,0,0,0,0,0,0,0,0,1,0,1,0,0,0,0,3,"3b",0,0,0,1,0,0,0,0,1398,0.283062930186824,0.492133726647001,0.340977401758878,0.209070796460177,0.234341893557423,0.134955752212389,0.283062930186824,0.171828908554572,0.0608407079646018,0.00294985250737463,0.0474434611602753,0.174164208456244,0.00356440511307768,0.00221238938053097,0.0778023598820059,0.152163225172075,0.00712881022615536,0.0156096361848574,0.000368731563421829,0.010693215339233,0.028638151425762,0
"ransoco01",0,0,0,0,"N",1976,2,17,"USA","AZ","Mesa",NA,NA,NA,"","","","Cody","Ransom","Bryan Cody",200,74,"R","R","2001-09-05",2013-08-31,"ransc001","ransoco01",11,8,383,752,111,160,47,2,30,105,6,3,88,274,2,9,9,0,19,336,190,5614,327,484,34,96,0,0,0,0,0,0,0,0,0,0,0,0,0,0,0,0,0,0,0,0,0,0,0,0,0,0,0,0,0,0,0,0,0,0,"ss",0,0,0,0,1,0,0,0,81,0.212765957446809,0.400265957446808,0.302709069493522,0.1875,0.234982054309327,0.147606382978723,0.212765957446809,0.107712765957447,0.0625,0.00265957446808511,0.0398936170212766,0.139627659574468,0.00797872340425532,0.00398936170212766,0.117021276595745,0.36436170212766,0.00265957446808511,0.011968085106383,0.011968085106383,0,0.0252659574468085,0
"riosal01",0,0,0,0,"N",1981,2,18,"USA","AL","Coffee",NA,NA,NA,"","","","Alex","Rios","Alexis Israel",210,77,"R","R","2004-05-27",2015-10-04,"riosa002","riosal01",12,4,1691,6419,885,1778,374,63,169,794,253,77,400,1117,24,45,2,61,193,1656,1599,42673,3503,94,48,22,0,0,0,0,0,0,0,0,0,0,0,0,0,0,0,0,0,0,0,0,0,0,0,0,0,0,0,0,0,0,0,0,0,1,"rf",0,0,0,0,0,0,0,1,1172,0.276990185387132,0.433868203770058,0.32101083032491,0.156878018382926,0.192469873931314,0.137871942670198,0.276990185387132,0.182582956846861,0.0582645271849198,0.00981461286804798,0.0263280884873033,0.123695279638573,0.039414238978034,0.0119956379498364,0.0623150023368126,0.174014644025549,0.00373890014020876,0.00701043776289142,0.000311575011684063,0.00950303785636392,0.0300669886275121,0
"riverju01",0,0,0,0,"N",1978,7,3,"Venezuela","Miranda","Guarenas",NA,NA,NA,"","","","Juan","Rivera","Juan Luis",220,74,"R","R","2001-09-04",2012-10-03,"rivej001","riverju01",12,5,1058,3471,425,950,182,4,132,539,17,26,253,448,15,20,4,39,127,911,789,21015,2061,117,33,62,0,0,0,0,0,0,0,0,0,0,0,0,0,0,0,0,0,0,0,0,0,0,0,0,0,0,0,0,0,0,0,0,0,0,"lf",0,0,0,0,0,1,0,0,632,0.273696341112071,0.442523768366465,0.323288395453344,0.168827427254394,0.199017940552017,0.12244309997119,0.273696341112071,0.182080092192452,0.052434456928839,0.00115240564678767,0.0380293863439931,0.155286660904638,0.00489772399884759,0.00749063670411985,0.0728896571593201,0.129069432440219,0.00432152117545376,0.00576202823393835,0.00115240564678767,0.0112359550561798,0.0365888792855085,0
"roberbr01",0,0,0,0,"N",1977,10,9,"USA","NC","Durham",NA,NA,NA,"","","","Brian","Roberts","Brian Michael",175,69,"B","R","2001-06-14",2014-07-28,"robeb003","roberbr01",14,2,1418,5531,850,1527,367,39,97,542,285,73,609,844,26,13,48,49,82,1357,1324,34965,2268,3858,97,876,0,0,0,0,0,0,0,0,1,0,0,0,0,0,0,0,0,0,0,0,0,0,0,0,0,0,0,0,0,0,0,0,0,2,"2b",0,0,1,0,0,0,0,0,1024,0.276080274814681,0.409148436087507,0.346501128668172,0.133068161272826,0.200107707253886,0.153679262339541,0.276080274814681,0.185138311336106,0.0663532815042488,0.00705116615440246,0.0175375158199241,0.0979931296329778,0.0515277526667872,0.0131983366479841,0.110106671487977,0.152594467546556,0.00470077743626831,0.00235038871813415,0.00867835834387995,0.00885915747604412,0.0148255288374616,1
"rolensc01",0,0,0,0,"N",1975,4,4,"USA","IN","Evansville",NA,NA,NA,"","","","Scott","Rolen","Scott Bruce",245,76,"R","R","1996-08-01",2012-10-03,"roles001","rolensc01",17,4,2038,7398,1211,2077,517,43,316,1287,118,49,899,1410,57,127,1,93,150,2023,1996,52438,1478,4081,186,355,0,0,0,0,0,0,0,0,3,0,0,0,0,1,0,0,0,0,8,0,0,0,0,0,0,0,1,0,0,0,0,0,0,5,"3b",0,0,0,1,0,0,0,0,1201,0.280751554474182,0.490402811570695,0.364330163203006,0.209651257096513,0.256481536643026,0.163692889970262,0.280751554474182,0.162341173290078,0.0698837523655042,0.00581238172479048,0.0427142470938091,0.173965936739659,0.0159502568261692,0.00662341173290078,0.121519329548527,0.190592051905921,0.00770478507704785,0.0171668018383347,0.000135171668018383,0.0125709651257097,0.0202757502027575,3
"rossco01",0,0,0,0,"N",1980,12,23,"USA","NM","Portales",NA,NA,NA,"","","","Cody","Ross","Cody Joseph",195,71,"R","L","2003-07-04",2015-05-01,"rossc001","rossco01",12,8,1073,3453,449,904,211,13,132,508,33,13,282,800,18,40,4,27,77,973,874,23398,1823,59,21,17,0,0,0,0,0,0,0,0,0,0,0,0,0,0,0,0,0,0,0,0,0,0,0,0,1,0,0,0,0,0,0,0,0,0,"rf",0,0,0,0,0,0,0,1,548,0.26180133217492,0.445120185346076,0.322461862177801,0.183318853171156,0.21834656448203,0.130031856356791,0.26180133217492,0.158702577468868,0.0611062843903852,0.00376484216623226,0.0382276281494353,0.147118447726615,0.00955690703735882,0.00376484216623226,0.0816681146828844,0.231682594845062,0.0052128583840139,0.0115841297422531,0.00115841297422531,0.00781928757602085,0.0222994497538372,0
"santira01",0,0,0,0,"N",1979,8,31,"D.R.","San Juan","Las Matas de Farfan",NA,NA,NA,"","","","Ramon","Santiago","Ramon DeJesus",185,71,"B","R","2002-05-17",2014-09-27,"santr002","santira01",13,3,920,2436,295,592,85,18,30,214,30,15,203,420,2,55,84,16,38,922,660,18871,1103,2066,68,451,0,0,0,0,0,0,0,0,0,0,0,0,0,0,0,0,0,0,0,0,0,0,0,0,0,0,0,0,0,0,0,0,0,0,"ss",0,0,0,0,1,0,0,0,459,0.243021346469622,0.329638752052545,0.313653136531365,0.0866174055829228,0.154842023633678,0.121100164203612,0.243021346469622,0.188423645320197,0.0348932676518883,0.00738916256157635,0.0123152709359606,0.0878489326765189,0.0123152709359606,0.0061576354679803,0.0833333333333333,0.172413793103448,0.000821018062397373,0.0225779967159278,0.0344827586206897,0.00656814449917898,0.0155993431855501,0
"schnebr01",0,0,0,0,"N",1976,11,26,"USA","FL","Jacksonville",NA,NA,NA,"","","","Brian","Schneider","Brian Duncan",210,73,"L","R","2000-05-26",2012-08-23,"schnb001","schnebr01",13,4,1048,3165,284,781,167,9,67,387,4,8,331,526,66,22,26,26,93,996,903,24032,5988,438,39,72,38,0,405,228,0,0,0,0,0,0,0,0,0,0,0,0,0,0,0,0,0,0,0,0,0,0,0,0,0,0,0,0,0,0,"c",1,0,0,0,0,0,0,0,538,0.246761453396524,0.368720379146919,0.319977426636569,0.121958925750395,0.176560207015526,0.0897314375987362,0.246761453396524,0.16998420221169,0.0527646129541864,0.0028436018957346,0.0211690363349131,0.122274881516588,0.00126382306477093,0.00252764612954186,0.104581358609795,0.166192733017378,0.0208530805687204,0.00695102685624013,0.00821484992101106,0.00821484992101106,0.0293838862559242,0
"schumsk01",0,0,0,0,"N",1980,2,3,"USA","CA","Torrance",NA,NA,NA,"","","","Skip","Schumaker","Jared Michael",185,70,"L","R","2005-06-08",2015-10-04,"schus001","schumsk01",11,3,1149,3252,416,905,169,13,28,284,26,17,280,476,14,14,19,16,73,1052,742,20504,1463,1261,58,281,0,0,0,0,0,0,0,0,0,0,0,0,0,0,0,0,0,0,0,0,0,0,0,0,0,0,0,0,0,0,0,0,0,0,"2b",0,0,1,0,0,0,0,0,695,0.278290282902829,0.364083640836408,0.336608646827625,0.0857933579335793,0.155016629086809,0.127921279212792,0.278290282902829,0.213714637146371,0.0519680196801968,0.00399753997539975,0.00861008610086101,0.0873308733087331,0.00799507995079951,0.00522755227552276,0.0861008610086101,0.146371463714637,0.0043050430504305,0.0043050430504305,0.00584255842558426,0.00492004920049201,0.0224477244772448,0
"scutama01",0,0,0,0,"N",1975,10,30,"Venezuela","Yaracuy","San Felipe",NA,NA,NA,"","","","Marco","Scutaro","Marcos",185,70,"R","R","2002-07-21",2014-07-24,"scutm001","scutama01",13,6,1391,4887,683,1355,269,21,77,509,55,22,474,570,7,22,58,45,117,1383,1232,33412,1958,3433,121,716,0,0,0,0,0,0,0,0,0,0,0,0,0,0,0,0,0,0,0,0,0,0,0,0,1,0,0,0,0,0,0,0,0,0,"ss",0,0,0,0,1,0,0,0,988,0.277266216492736,0.38817270308983,0.341009579955785,0.110906486597094,0.177727430363402,0.13975854307346,0.277266216492736,0.202169019848578,0.0550439942705136,0.00429711479435236,0.015756087579292,0.104153877634541,0.0112543482709229,0.00450173930836914,0.0969920196439533,0.116635972989564,0.00143237159811745,0.00450173930836914,0.0118682218129732,0.00920810313075507,0.0239410681399632,0
"sizemgr01",0,0,0,0,"N",1982,8,2,"USA","WA","Seattle",NA,NA,NA,"","","","Grady","Sizemore","Grady",205,74,"L","L","2004-07-21",2015-10-03,"sizeg001","sizemgr01",10,4,1101,4147,660,1098,252,47,150,518,143,47,483,952,34,67,8,19,49,1015,976,25882,2390,24,19,6,0,0,0,0,0,0,0,0,0,0,0,0,0,0,0,0,0,0,2,0,0,0,0,0,0,0,1,0,0,0,0,0,0,3,"cf",0,0,0,0,0,0,1,0,649,0.264769713045575,0.456715698095008,0.349448685326548,0.191945985049433,0.240753780435711,0.159151193633952,0.264769713045575,0.156498673740053,0.060766819387509,0.0113334940921148,0.0361707258258982,0.124909573185435,0.0344827586206897,0.0113334940921148,0.116469737159392,0.229563539908368,0.00819869785387027,0.0161562575355679,0.00192910537738124,0.00458162527128044,0.0118157704364601,0
"snydech02",0,0,0,0,"N",1981,2,12,"USA","TX","Houston",NA,NA,NA,"","","","Chris","Snyder","Christopher Ryan",235,76,"R","R","2004-08-21",2013-09-28,"snydc002","snydech02",10,4,715,2087,227,467,98,1,77,298,0,3,309,560,36,25,16,22,50,695,646,17001,4567,366,13,33,50,0,351,144,0,0,0,0,0,0,0,0,0,0,0,0,0,0,0,0,0,0,0,0,0,0,0,0,0,0,0,0,0,0,"c",1,0,0,0,0,0,0,0,291,0.223766171538093,0.382367034020125,0.327875562832583,0.158600862482032,0.216124553385958,0.108768567321514,0.223766171538093,0.139434595112602,0.046957355055103,0.000479156684235745,0.0368950646861524,0.142788691902252,0,0.00143747005270724,0.148059415428845,0.268327743172017,0.0172496406324868,0.0119789171058936,0.00766650694777192,0.0105414470531864,0.0239578342117873,0
"soriaal01",0,0,0,0,"N",1976,1,7,"D.R.","San Pedro de Macoris","San Pedro de Macoris",NA,NA,NA,"","","","Alfonso","Soriano","Alfonso Guilleard",195,73,"R","R","1999-09-14",2014-07-05,"soria001","soriaal01",16,4,1975,7750,1152,2095,481,31,412,1159,289,84,496,1803,68,86,9,54,123,1879,1854,48244,3456,2198,169,506,0,0,0,0,0,0,0,0,3,0,0,0,0,0,0,0,0,0,0,0,1,0,0,0,0,0,4,0,0,0,0,0,0,6,"lf",0,0,0,0,0,1,0,0,1171,0.270322580645161,0.499870967741935,0.319222513713332,0.229548387096774,0.239054556383746,0.148645161290323,0.270322580645161,0.151096774193548,0.0620645161290323,0.004,0.0531612903225806,0.149548387096774,0.0372903225806452,0.0108387096774194,0.064,0.232645161290323,0.0087741935483871,0.0110967741935484,0.00116129032258065,0.00696774193548387,0.0158709677419355,3
"swishni01",0,0,0,0,"N",1980,11,25,"USA","OH","Columbus",NA,NA,NA,"","","","Nick","Swisher","Nicholas Thomas",195,72,"B","L","2004-09-03",2015-10-02,"swisn001","swishni01",12,5,1527,5369,805,1338,307,11,245,803,13,15,817,1373,42,56,13,53,131,1481,1350,35306,5252,312,62,321,0,0,0,0,0,0,0,0,0,0,0,0,0,0,0,0,0,0,0,0,0,0,0,0,0,0,0,0,0,0,0,0,0,1,"rf",0,0,0,0,0,0,0,1,775,0.249208418699944,0.447383125349227,0.351231135822081,0.198174706649283,0.250554933631857,0.14993481095176,0.249208418699944,0.144347178245483,0.0571801080275657,0.00204879865896815,0.045632333767927,0.149562302104675,0.00242130750605327,0.00279381635313839,0.152169864034271,0.255727323523934,0.00782268578878748,0.0104302477183833,0.00242130750605327,0.00987148444775563,0.0243993294840752,0
"tejadmi01",0,0,0,0,"N",1974,5,25,"D.R.","Peravia","Bani",NA,NA,NA,"","","","Miguel","Tejada","Miguel Odalis",220,69,"R","R","1997-08-27",2013-08-10,"tejam001","tejadmi01",16,6,2171,8434,1230,2407,468,23,307,1302,85,38,553,1079,73,122,23,71,277,2140,2108,55502,3037,6193,274,1321,0,0,0,0,0,0,0,1,1,0,0,0,0,0,0,0,0,0,0,0,1,0,0,0,0,0,2,0,0,0,0,0,0,6,"ss",0,0,0,0,1,0,0,0,1609,0.285392459094143,0.455537111690775,0.335729847494553,0.170144652596633,0.201950829032612,0.145838273654257,0.285392459094143,0.190775432772113,0.0554896846099123,0.00272705714963244,0.0364002845624852,0.154375148209628,0.0100782546834242,0.00450557268200142,0.0655679392933365,0.127934550628409,0.00865544225752905,0.0144652596632677,0.00272705714963244,0.00841830685321318,0.0328432534977472,1
"thomeji01",0,0,0,0,"N",1970,8,27,"USA","IL","Peoria",NA,NA,NA,"","","","Jim","Thome","James Howard",250,76,"L","R","1991-09-04",2012-10-03,"thomj002","thomeji01",22,6,2543,8422,1583,2328,451,26,612,1699,19,20,1747,2548,173,69,1,74,165,1599,1561,40972,9450,1565,137,990,0,0,0,0,0,0,0,0,3,0,0,0,0,0,0,1,0,0,0,0,0,0,1,0,0,0,1,0,0,0,0,0,0,5,"1b",0,1,0,0,0,0,0,0,1239,0.276418902873427,0.554143908810259,0.401861908456168,0.277725005936832,0.310380727882434,0.187960104488245,0.276418902873427,0.147114699596295,0.05355022559962,0.00308715269532178,0.0726668249821895,0.201733554975065,0.00225599620042745,0.00237473284255521,0.207432913797198,0.302540964141534,0.0205414390881026,0.00819282830681548,0.000118736642127761,0.00878651151745429,0.0195915459510805,3
"torreyo01",0,0,0,0,"N",1978,7,19,"Venezuela","Distrito Federal","Caracas",NA,NA,NA,"","","","Yorvit","Torrealba","Yorvit Adolfo",200,71,"R","R","2001-09-05",2013-09-25,"torry001","torreyo01",13,7,907,2875,306,737,162,12,56,339,19,17,222,544,18,30,39,17,100,860,774,20856,5457,368,36,48,37,0,454,191,0,0,0,0,0,0,0,0,0,0,0,0,0,0,0,0,0,0,0,0,0,0,0,0,0,0,0,0,0,0,"c",1,0,0,0,0,0,0,0,507,0.256347826086956,0.379478260869565,0.314567430025445,0.123130434782609,0.176068969929623,0.106434782608696,0.256347826086956,0.176347826086957,0.0563478260869565,0.00417391304347826,0.0194782608695652,0.117913043478261,0.00660869565217391,0.00591304347826087,0.0772173913043478,0.189217391304348,0.00626086956521739,0.0104347826086957,0.0135652173913043,0.00591304347826087,0.0347826086956522,0
"ugglada01",0,0,0,0,"N",1980,3,11,"USA","KY","Louisville",NA,NA,NA,"","","","Dan","Uggla","Daniel Cooley",210,71,"R","R","2006-04-03",2015-10-03,"uggld001","ugglada01",10,4,1346,4759,759,1149,238,18,235,706,26,21,626,1341,22,70,12,42,74,1284,1261,33784,2415,3472,127,784,0,0,0,0,0,0,0,0,0,0,0,0,0,0,0,0,0,0,0,0,0,0,0,0,0,0,1,0,0,0,0,0,0,2,"2b",0,0,1,0,0,0,0,0,658,0.241437276738811,0.447152763185543,0.335637620520284,0.205715486446733,0.246767378995434,0.15948728724522,0.241437276738811,0.138264341248161,0.0500105064089094,0.00378230720739651,0.0493801218743433,0.148350493801219,0.00546333263290607,0.0044126917419626,0.131540239546123,0.28178188695104,0.00462281992015129,0.0147089724732087,0.00252153813826434,0.00882538348392519,0.0155494851859634,0
"victosh01",0,0,0,0,"N",1980,11,30,"USA","HI","Wailuku",NA,NA,NA,"","","","Shane","Victorino","Shane Patrick",190,69,"R","R","2003-04-02",2015-10-04,"victs001","victosh01",12,5,1299,4630,731,1274,231,70,108,489,231,46,381,626,12,81,52,20,60,1219,1104,30079,2613,76,15,23,0,0,0,0,0,0,0,0,0,0,0,0,0,0,0,1,0,0,4,0,0,0,0,0,0,0,0,1,0,0,0,0,0,1,"cf",0,0,0,0,0,0,1,0,865,0.275161987041037,0.425269978401728,0.339593114241002,0.150107991360691,0.200692745098039,0.157883369330454,0.275161987041037,0.18682505399568,0.0498920086393089,0.0151187904967603,0.0233261339092873,0.10561555075594,0.0498920086393089,0.00993520518358531,0.0822894168466523,0.135205183585313,0.00259179265658747,0.0174946004319654,0.011231101511879,0.00431965442764579,0.0129589632829374,0
"vizquom01",0,0,0,0,"N",1967,4,24,"Venezuela","Distrito Federal","Caracas",NA,NA,NA,"","","","Omar","Vizquel","Omar Enrique",180,69,"B","R","1989-04-03",2012-10-03,"vizqo001","vizquom01",24,6,2968,10586,1445,2877,456,77,80,951,404,167,1028,1087,25,49,256,94,207,2940,2773,73559,4268,8050,190,1797,0,0,0,0,0,0,0,0,0,0,0,0,0,0,0,0,0,0,11,0,0,1,0,0,0,0,0,0,0,0,0,0,0,3,"ss",0,0,0,0,1,0,0,0,2264,0.271774041186473,0.352068770073682,0.336310283235519,0.0802947288872095,0.153475894988067,0.136501039108256,0.271774041186473,0.213867372000756,0.0430757604383148,0.00727375779331192,0.00755715095409031,0.0898356319667485,0.0381636123181561,0.0157755526166635,0.0971093897600605,0.102682788588702,0.00236160967315322,0.00462875495938031,0.024182883053089,0.00887965237105611,0.0195541280937087,0
"wellsve01",0,0,0,0,"N",1978,12,8,"USA","LA","Shreveport",NA,NA,NA,"","","","Vernon","Wells","Vernon M.",230,73,"R","R","1999-08-30",2013-09-29,"wellv001","wellsve01",15,3,1731,6642,930,1794,379,34,270,958,109,37,472,956,24,31,2,65,168,1662,1609,42843,3732,74,25,14,0,0,0,0,0,0,0,0,2,0,0,0,0,0,0,0,0,0,3,0,0,0,0,0,0,0,1,1,0,0,0,0,0,3,"cf",0,0,0,0,0,0,1,0,1111,0.270099367660343,0.459349593495935,0.318585298196949,0.189250225835592,0.213482020595603,0.140018066847335,0.270099367660343,0.167268894911171,0.0570611261668172,0.00511894007828967,0.040650406504065,0.144233664558868,0.0164107196627522,0.00557061126166817,0.0710629328515507,0.143932550436615,0.003613369467028,0.00466726889491117,0.000301114122252334,0.00978620897320084,0.025293586269196,2
"wiggity01",0,0,0,0,"N",1977,10,11,"USA","CA","San Diego",NA,NA,NA,"","","","Ty","Wigginton","Ty Allen",215,72,"R","R","2002-05-16",2013-07-05,"wiggt001","wiggity01",12,8,1362,4479,558,1170,245,14,169,594,42,23,371,891,23,54,6,39,128,1284,1105,29196,3029,1790,125,396,0,0,0,0,0,0,0,0,0,0,0,0,0,0,0,0,0,0,0,0,0,0,0,0,0,0,0,0,0,0,0,0,0,1,"3b",0,0,0,1,0,0,0,0,742,0.261219022103148,0.43536503683858,0.322678535302448,0.174146014735432,0.21018,0.124581379772271,0.261219022103148,0.165661978120116,0.0546997097566421,0.00312569770037955,0.0377316365260103,0.132618888144675,0.00937709310113865,0.00513507479348069,0.082830989060058,0.198928332217013,0.00513507479348069,0.0120562625586068,0.00133958472873409,0.0087073007367716,0.0285778075463273,0
"willijo03",0,0,0,0,"N",1979,2,17,"USA","AL","Florence",NA,NA,NA,"","","","Josh","Willingham","Joshua David",230,74,"R","R","2004-07-06",2014-09-28,"willj004","willijo03",11,5,1147,3912,564,988,216,15,195,632,35,9,553,1036,22,112,2,36,87,956,929,23833,1666,48,26,10,4,0,9,1,0,0,0,0,0,0,0,0,0,0,0,0,0,0,0,0,0,0,0,0,0,0,1,0,0,0,0,0,0,0,"lf",0,0,0,0,0,1,0,0,562,0.252556237218814,0.46497955010225,0.358335139822241,0.212423312883436,0.262607405793945,0.144171779141104,0.252556237218814,0.143660531697342,0.0552147239263804,0.00383435582822086,0.0498466257668712,0.161554192229039,0.00894683026584867,0.00230061349693252,0.141359918200409,0.264826175869121,0.00562372188139059,0.0286298568507157,0.000511247443762781,0.00920245398773006,0.022239263803681,0
"wilsoja02",0,0,0,0,"N",1977,12,29,"USA","CA","Westlake Village",NA,NA,NA,"","","","Jack","Wilson","Jack Eugene",200,72,"R","R","2001-04-03",2012-07-13,"wilsj002","wilsoja02",12,3,1370,4890,565,1294,243,34,61,426,43,32,270,619,25,36,104,39,88,1325,1277,33596,1896,4180,139,944,0,0,0,0,0,0,0,0,0,0,0,0,0,0,0,0,0,0,0,0,0,0,0,0,0,0,1,0,0,0,0,0,0,1,"ss",0,0,0,0,1,0,0,0,956,0.264621676891616,0.365644171779141,0.305635148042025,0.101022494887526,0.148156007677543,0.115541922290389,0.264621676891616,0.195501022494888,0.0496932515337423,0.00695296523517382,0.0124744376278119,0.0871165644171779,0.00879345603271984,0.0065439672801636,0.0552147239263804,0.126584867075665,0.00511247443762781,0.00736196319018405,0.0212678936605317,0.00797546012269939,0.0179959100204499,0
"wisede01",0,0,0,0,"N",1978,2,24,"USA","SC","Columbia",NA,NA,NA,"","","","Dewayne","Wise","Larry Dewayne",200,72,"L","L","2000-04-06",2013-05-29,"wised001","wisede01",11,6,576,1109,149,253,45,16,31,115,55,13,46,245,2,10,12,7,13,465,245,7606,659,24,8,7,0,0,0,0,0,0,0,0,0,0,0,0,0,0,0,0,0,0,0,0,0,0,0,0,0,0,0,0,0,0,0,0,0,0,"cf",0,0,0,0,0,0,1,0,161,0.228133453561767,0.381424706943192,0.263651877133106,0.153291253381425,0.170990427350427,0.134355275022543,0.228133453561767,0.145175834084761,0.0405770964833183,0.0144274120829576,0.0279531109107304,0.103697024346258,0.0495942290351668,0.0117222723174031,0.0414788097385032,0.220919747520289,0.0018034265103697,0.00901713255184851,0.0108205590622182,0.00631199278629396,0.0117222723174031,0
"youklke01",0,0,0,0,"N",1979,3,15,"USA","OH","Cincinnati",NA,NA,NA,"","","","Kevin","Youkilis","Kevin Edmund",220,73,"R","R","2004-05-15",2013-06-13,"youkk001","youklke01",10,3,1061,3749,653,1053,254,18,150,618,26,14,539,828,22,104,0,44,74,1101,993,26037,4923,1137,53,513,0,0,0,0,0,0,0,0,0,0,0,0,0,0,0,0,0,0,1,0,0,0,0,0,0,0,0,0,1,0,0,0,0,3,"1b",0,1,0,0,0,0,0,0,631,0.280874899973326,0.478260869565217,0.382326420198377,0.197385969591891,0.261649932034436,0.174179781275007,0.280874899973326,0.168311549746599,0.0677514003734329,0.00480128034142438,0.0400106695118698,0.164843958388904,0.00693518271539077,0.00373432915444118,0.143771672445986,0.220858895705521,0.00586823152840758,0.0277407308615631,0,0.0117364630568152,0.0197385969591891,0
"youngde03",0,0,0,0,"N",1985,9,14,"USA","AL","Birmingham",NA,NA,NA,"","","","Delmon","Young","Delmon Damarcus",240,75,"R","R","2006-08-29",2015-06-29,"yound003","youngde03",10,5,1118,4108,473,1162,218,11,109,566,36,21,179,784,18,40,1,43,136,869,832,21787,1522,71,41,18,0,0,0,0,0,0,0,0,0,0,0,0,0,0,0,0,0,0,0,0,0,0,0,0,0,1,0,0,0,0,0,0,0,0,"lf",0,0,0,0,0,1,0,0,824,0.28286270691334,0.420886075949367,0.316018306636156,0.138023369036027,0.169348391544118,0.115141187925998,0.28286270691334,0.200584225900682,0.0530671859785784,0.00267770204479065,0.0265335929892892,0.13777994157741,0.00876338851022395,0.00511197663096397,0.0435735150925024,0.190847127555988,0.00438169425511198,0.00973709834469328,0.000243427458617332,0.0104673807205453,0.0331061343719572,0
"youngmi02",0,0,0,0,"N",1976,10,19,"USA","CA","Covina",NA,NA,NA,"","","","Michael","Young","Michael Brian",200,73,"R","R","2000-09-29",2013-09-29,"younm003","youngmi02",14,3,1970,7918,1137,2375,441,60,185,1030,90,30,575,1235,28,22,25,72,236,1817,1765,46401,3090,4319,160,1014,0,0,0,0,0,0,0,0,1,0,0,0,0,0,0,0,0,0,1,0,1,0,0,0,0,0,0,0,0,0,0,0,0,6,"ss",0,0,0,0,1,0,0,0,1689,0.299949482192473,0.440894165193231,0.346104576685688,0.140944683000758,0.185705479612104,0.143596867895933,0.299949482192473,0.213311442283405,0.0556958827986865,0.007577671129073,0.0233644859813084,0.13008335438242,0.0113665066936095,0.0037888355645365,0.0726193483202829,0.155973730740086,0.00353624652690073,0.00277847941399343,0.00315736297044708,0.0090932053548876,0.0298055064410205,1
